sender,addressee,senderPlace,senderDate,edition,pages,key,provenance,source,sourceID,senderID,senderPlaceID,addresseeID,note
Otto Nicolai,Carl Nicolai,Königsberg,1820-04-29,"Altmann, Wilhelm, Hrsg., 1924. Otto Nicolai: Briefe an seinen Vater. Regensburg, G. Bosse.",13–14,1,,"D-B Mus.ep. Nicolai, O. 7",DE-611-HS-2637225,118587684,http://www.geonames.org/554234,138233438,
Otto Nicolai,[Carl Nicolai],Königsberg,1820-10-18,"Altmann, Wilhelm, Hrsg., 1924. Otto Nicolai: Briefe an seinen Vater. Regensburg, G. Bosse.",14–15,2,,"D-B Mus.ep. Nicolai, O. 9",DE-611-HS-2637228,118587684,http://www.geonames.org/554234,138233438,
Otto Nicolai,[Carl Nicolai],Königsberg,1820-12-30,"Altmann, Wilhelm, Hrsg., 1924. Otto Nicolai: Briefe an seinen Vater. Regensburg, G. Bosse.",15–16,3,,"D-B Mus.ep. Nicolai, O. 10",DE-611-HS-2637230,118587684,http://www.geonames.org/554234,138233438,
Otto Nicolai,Carl Nicolai,Königsberg,1821?-07-25,"Altmann, Wilhelm, Hrsg., 1924. Otto Nicolai: Briefe an seinen Vater. Regensburg, G. Bosse.",16–17,4,,"D-B Mus.ep. Nicolai, O. 8",DE-611-HS-2637227,118587684,http://www.geonames.org/554234,138233438,Jahreszahl mit Blei ergänzt
Otto Nicolai,Carl Nicolai,Königsberg,1821-12-29,"Altmann, Wilhelm, Hrsg., 1924. Otto Nicolai: Briefe an seinen Vater. Regensburg, G. Bosse.",17–18,5,,"D-B Mus.ep. Nicolai, O. 11",DE-611-HS-2637232,118587684,http://www.geonames.org/554234,138233438,Herrn C. Nicolai. Memel
Otto Nicolai,Carl Nicolai,,1826-02-16,"Altmann, Wilhelm, Hrsg., 1924. Otto Nicolai: Briefe an seinen Vater. Regensburg, G. Bosse.",19–20,6,,?,,118587684,,138233438,o.O.
Otto Nicolai,Carl Nicolai,,1826-08-06,"Altmann, Wilhelm, Hrsg., 1924. Otto Nicolai: Briefe an seinen Vater. Regensburg, G. Bosse.",20–21,7,,?,,118587684,,138233438,o.O.
Otto Nicolai,[Carl Friedrich Zelter],Berlin,1828-10-17,"Rettinghaus, Klaus, 2014. Studien zum geistlichen Werk Otto Nicolais. Berlin. ISBN 978-3-7375-1116-2",,1,"Henrici 126 (1927), S. 20","D-B Mus.ep. Nicolai, O. 12",DE-611-HS-2637233,118587684,http://www.geonames.org/2950159,118636421,Konrad S. 56ff
Otto Nicolai,Carl Friedrich Zelter,Berlin,1829-05-05,,,,"Henrici 126 (1927), S. 21",D-Bz EH 2093 VfdGB,DE-611-HS-756433,118587684,http://www.geonames.org/2950159,118636421,
Otto Nicolai,Lieder-Verein Berlin 1829,Berlin,1830-10-15,"Harzen-Müller, Andreas Nikolaus, 1899. Musikalisches und Musiker aus dem »Lieder-Verein Berlin 1829«. Berlin, Verlag des Lieder-Verein Berlin 1829.",110f,,,?,,118587684,http://www.geonames.org/2950159,10145004-7,
Otto Nicolai,Sing-Akademie zu Berlin,Berlin,1830-12-12,"Hennig, Richard, 1941. Neue Mitteilungen über Otto Nicolais Berliner Jahre. In: Zeitschrift des Vereins für die Geschichte Berlins. 58, S. 14–18.",15,,,?,,118587684,http://www.geonames.org/2950159,2118215-2,
Otto Nicolai,Ferdinand Mendheim,Berlin,1831-05-13,,,,,"D-B Mus.ep. Nicolai, O. 13",DE-611-HS-2637236,118587684,http://www.geonames.org/2950159,13702035X,"urspr. mit Eintrittskarte für Konzert, wo Arie von Nicolai gegeben wird, die er Mendheim zum Verlag anbietet"
Otto Nicolai,Gustav Bethge,Leitzkau,1831-06-21,,,,"Stargardt 583 (1967), S. 155",S-Smf 2829,,118587684,http://www.geonames.org/2878986,1042645949,"Fragt, warum seine Lieder nicht in der Zeitung angezeigt wurden; laut Konrad 1838"
Otto Nicolai,Breitkopf & Härtel,Leipzig,1831-09-09,"Kruse, Georg Richard, 1906. Otto Nicolai in Leipzig. In: Die Sängerhalle. 46, S. 274f, 286f, 298f.",274,,,?,,118587684,http://www.geonames.org/2879139,64766-4,"laut Konrad: Bär, 63f"
Otto Nicolai,Breitkopf & Härtel,Leipzig,1831-09-10,"Kruse, Georg Richard, 1906. Otto Nicolai in Leipzig. In: Die Sängerhalle. 46, S. 274f, 286f, 298f.",274,,,?,,118587684,http://www.geonames.org/2879139,64766-4,
Otto Nicolai,[Ein Operndirektor in Magdeburg],Magdeburg,1831-09-13,,,,"Stargardt 563 (1963), S. 118; Stargardt 683 (2006), S. 375",D-B 55 Ep 1018,,118587684,http://www.geonames.org/2874545,,
Otto Nicolai,[Freund in Halle],Leitzkau,1831-10-20,,,,"Henrici/Liepmannssohn [Heyer IV] (1928), S. 43",S-Smf 5678,,118587684,http://www.geonames.org/2878986,,Sammlung Heyer
Otto Nicolai,Johann Friedrich Naue,Leitzkau,1831-09-23,,,,"Stargardt 410 (1938), S. 20",?,,118587684,http://www.geonames.org/2878986,116898666,nach Halle
Otto Nicolai,Ältere Liedertafel,Berlin,1832-01-28,,,,,D-DT Mus-a 802b (Photo),,118587684,http://www.geonames.org/2950159,1078717923,
Otto Nicolai,Breitkopf & Härtel,Berlin,1832-02-28,"Kruse, Georg Richard, 1906. Otto Nicolai in Leipzig. In: Die Sängerhalle. 46, S. 274f, 286f, 298f.",274f,,"Stargardt 524 (1955), S. 74; Nebehay 34 (1969), S. 73",?,,118587684,http://www.geonames.org/2950159,64766-4,„Herrn F. Haertel“; Korrekturen zu den Stimmen von op. 6.
Otto Nicolai,Carl Nicolai,Berlin,1832-03-03,"Altmann, Wilhelm, Hrsg., 1924. Otto Nicolai: Briefe an seinen Vater. Regensburg, G. Bosse.",21–23,8,,"D-B Mus.ep. Nicolai, O. 14",DE-611-HS-2637238,118587684,http://www.geonames.org/2950159,138233438,
Otto Nicolai,Breitkopf & Härtel,Berlin,1832-03-22,"Kruse, Georg Richard, 1906. Otto Nicolai in Leipzig. In: Die Sängerhalle. 46, S. 274f, 286f, 298f.",275,,,?,,118587684,http://www.geonames.org/2950159,64766-4,
Otto Nicolai,Gustav Bethge,Berlin,1832-03-24,,,,,A-Wst H.I.N.-79916,,118587684,http://www.geonames.org/2950159,1042645949,
Otto Nicolai,Carl Friedrich Rungenhagen,[Berlin],1832-04-09,,,,,D-Bsa N.Mus. SA 328,,118587684,http://www.geonames.org/2950159,116707801,"„Kann heute, wie es bestimmt war, mein Te Deum in der Academie angenommen werden […]?“"
Otto Nicolai,[Carl Nicolai],Berlin,1832-04-12,"Altmann, Wilhelm, Hrsg., 1924. Otto Nicolai: Briefe an seinen Vater. Regensburg, G. Bosse.",23–27,9,,"D-B Mus.ep. Nicolai, O. 15",DE-611-HS-2637239,118587684,http://www.geonames.org/2950159,138233438,
Otto Nicolai,Carl Nicolai,Berlin,1832-06-13,"Altmann, Wilhelm, Hrsg., 1924. Otto Nicolai: Briefe an seinen Vater. Regensburg, G. Bosse.",27–30,10,"Henrici 48 (1918), S. 30","D-B Mus.ep. Nicolai, O. 16",DE-611-HS-2637240,118587684,http://www.geonames.org/2950159,138233438,
Otto Nicolai,Gustav Bethge,Posen,1832-08-11,,,,"Henrici 88 (1924), S. 56","D-B Mus.ep. Nicolai, O. 17",DE-611-HS-2637295,118587684,http://www.geonames.org/3088171,1042645949,Posen Wasserstraße 169; urspr. mit Einlage; erworben 1924
Otto Nicolai,Raimund Härtel,Posen,1832-08-21,,,,"Henrici 109 (1926), S. 39; (2017 bei Kotte)",?,,118587684,http://www.geonames.org/3088171,117738131,Verlags- und Honorar-Angelegenheiten
Otto Nicolai,[Verleger],Berlin,1832-10-03,,,,Gilhofer 8 (1901),?,,118587684,http://www.geonames.org/2950159,,
Otto Nicolai,Breitkopf & Härtel,Berlin,1832-10-19,"Kruse, Georg Richard, 1910. Otto Nicolais Beziehungen zu Leipzig. In: Leipziger Tageblatt und Handelsblatt.",,,"Stargardt [Zeune-Spitta] (1908), S. 105","D-B Mus.ep. Nicolai, O. 18",,118587684,http://www.geonames.org/2950159,64766-4,"betr. op. 16, Lieder, gewidmet Redern; erworben 1985."
Otto Nicolai,Raimund Härtel,Berlin,1832-10-19,,,,,"D-B Mus.ep. Nicolai, O. 18",,118587684,http://www.geonames.org/2950159,117738131,Raymund Haertel; zusammen mit Brief vom 19.10.1832; Postvermerk außen: 1832 / 19. Octbr / 26. Octbr
Otto Nicolai,[Carl Nicolai],Berlin,1832-11-22/1832-11-28,"Altmann, Wilhelm, Hrsg., 1924. Otto Nicolai: Briefe an seinen Vater. Regensburg, G. Bosse.",31–42,11,,"D-B Mus.ep. Nicolai, O. 19",DE-611-HS-2637304,118587684,http://www.geonames.org/2950159,138233438,
Otto Nicolai,,Berlin,1832,,,,"Stargardt 628 (1983), S. 276",?,,118587684,http://www.geonames.org/2950159,,
Otto Nicolai,Carl Nicolai,[Berlin],1833-02?-05,"Altmann, Wilhelm, Hrsg., 1924. Otto Nicolai: Briefe an seinen Vater. Regensburg, G. Bosse.",42–47,12,,"D-B Mus.ep. Nicolai, O. 20",DE-611-HS-2637307,118587684,http://www.geonames.org/2950159,138233438,"o.O. u Datum; nur Dienstags 5t, also: 5. Februar 1833. (N. spricht vom Karneval, vgl. Bericht von L. Rellstab vom 23. Februar 1833 in Zeitung für die elegante Welt, S. 235ff)"
Otto Nicolai,Carl Nicolai,[Berlin],1833?-02-28,"Altmann, Wilhelm, Hrsg., 1937. Otto Nicolais Tagebücher. Regensburg, G. Bosse.",277–281,,"Henrici 97 (1924), S. 16","D-B Mus.ep. Nicolai, O. 21",DE-611-HS-2637309,118587684,http://www.geonames.org/2950159,138233438,"an Carl Nicolai in Posen, Brief ohne Jahresangabe"
Otto Nicolai,Carl Friedrich Rungenhagen,Berlin,1833-04-30,,,,,D-Bsa N.Mus. SA 330,,118587684,http://www.geonames.org/2950159,116707801,
Otto Nicolai,Carl Friedrich Rungenhagen,Berlin,1833-05-22,,,,,D-Bsa N.Mus. SA 329,,118587684,http://www.geonames.org/2950159,116707801,Bittet um Partitur des Te Deum aus dem Bibliothekzimmer der Akademie
Otto Nicolai,König Friedrich Wilhelm III.,Berlin,1833-05-22,"Rettinghaus, Klaus, 2014. Studien zum geistlichen Werk Otto Nicolais. Berlin. ISBN 978-3-7375-1116-2",,2,,"D-Bga I. HA Rep. 89, Nr. 20955",,118587684,http://www.geonames.org/2950159,118535986,"Geh. Zivilkabinett, jüngere Periode (Zitierungsinfo kann entfallen!)"
Otto Nicolai,Carl Friedrich Rungenhagen,Berlin,1833-05-27,,,,,D-Bsa N.Mus. SA 331,,118587684,http://www.geonames.org/2950159,116707801,
Otto Nicolai,Carl Friedrich Rungenhagen,Berlin,1833-06-02,,,,,D-Bsa N.Mus. SA 333,,118587684,http://www.geonames.org/2950159,116707801,Dank für die Aufführung
Otto Nicolai,[Karl Christian Müller],Berlin,1833-06-13,"Rettinghaus, Klaus, 2014. Studien zum geistlichen Werk Otto Nicolais. Berlin. ISBN 978-3-7375-1116-2",,3,,"D-Bga I. HA Rep. 89, Nr. 20955",,118587684,http://www.geonames.org/2950159,1026794137,
Otto Nicolai,[Karl Christian Müller],Berlin,1833-06-28,"Rettinghaus, Klaus, 2014. Studien zum geistlichen Werk Otto Nicolais. Berlin. ISBN 978-3-7375-1116-2",,4,,"D-Bga I. HA Rep. 89, Nr. 20955",,118587684,http://www.geonames.org/2950159,1026794137,
Otto Nicolai,[Karl Christian Müller],Berlin,1833-07-06,"Rettinghaus, Klaus, 2014. Studien zum geistlichen Werk Otto Nicolais. Berlin. ISBN 978-3-7375-1116-2",,5,,"D-Bga I. HA Rep. 89, Nr. 20955",,118587684,http://www.geonames.org/2950159,1026794137,
Otto Nicolai,Carl Friedrich Rungenhagen,Berlin,1833-07-06,,,,,D-Bsa N.Mus. SA 332,,118587684,http://www.geonames.org/2950159,116707801,
Otto Nicolai,Hinrich Lichtenstein,Bad Salzbrunn,1833-08-05,,,,,US-NYpm MFC N636.L699,,118587684,http://www.geonames.org/3083835,100190014,will Te Deum in Breslau aufführen
Otto Nicolai,Ignaz Peter Lüstner,Breslau,1833-09-22,,,,"Henrici 31 (1916), S. 67","D-B Mus.ep. Nicolai, O. 22",DE-611-HS-2637312,118587684,http://www.geonames.org/3081368,108250811X,"an Tonkünstler Listner, Bischofs Straße; Nicolai gibt am 30.9. „eine musikalische Abendunterhaltung“ „im Hotel de Pologne“ "
Otto Nicolai,August Kahlert,Berlin,1833-10-12,,,,"Stargardt [Donebauer] (1908), S. 79; Henrici 77 (1922), S. 82","D-B Mus.ep. Nicolai, O. 23",DE-611-HS-2637313,118587684,http://www.geonames.org/2950159,10016806X,an A. Kahlert in Breslau; erworben 1922
Otto Nicolai,Carl Friedrich Rungenhagen,Berlin,1833-11-05,,,,,D-Bsa N.Mus. SA 334,,118587684,http://www.geonames.org/2950159,116707801,
Otto Nicolai,[Johann Peter Friedrich Ancillon],Berlin,1833-11-20,"Rettinghaus, Klaus, 2014. Studien zum geistlichen Werk Otto Nicolais. Berlin. ISBN 978-3-7375-1116-2",,6,,"D-Bga III. HA MdA, I Nr. 11567",,118587684,http://www.geonames.org/2950159,118645110,
Otto Nicolai,Alvensleben,Leipzig,1833-12-15,,,,,?,,118587684,http://www.geonames.org/2879139,,unbekannt (Erwähnt in „Tagebücher“ S.10)
Otto Nicolai,Horac,Leipzig,1833-12-15,,,,,?,,118587684,http://www.geonames.org/2879139,,unbekannt (Erwähnt in „Tagebücher“ S.10)
Otto Nicolai,Breitkopf & Härtel,München,1833-12-18,"Kruse, Georg Richard, 1906. Otto Nicolai in Leipzig. In: Die Sängerhalle. 46, S. 274f, 286f, 298f.",286,,,?,,118587684,http://www.geonames.org/2867714,64766-4,
Otto Nicolai,Carl Nicolai,München,1833-12-19/1833-12-28,"Altmann, Wilhelm, Hrsg., 1924. Otto Nicolai: Briefe an seinen Vater. Regensburg, G. Bosse.",47–54,13,,"D-B Mus.ep. Nicolai, O. 24",DE-611-HS-2637341,118587684,http://www.geonames.org/2867714,138233438,an Carl Nicolai in Berlin; erworben 1915
Otto Nicolai,Carl Nicolai,Rom,1834-03-01/1834-03-10,"Altmann, Wilhelm, Hrsg., 1924. Otto Nicolai: Briefe an seinen Vater. Regensburg, G. Bosse.",54–95,14,,"D-B Mus.ep. Nicolai, O. 25",DE-611-HS-1759110,118587684,http://www.geonames.org/3169070,138233438,eingelegt Brieflein Bunsens an Otto Nicolai mit Dank für die Choräle
Otto Nicolai,Carl Friedrich Rungenhagen,Rom,1834-03-10,,,,,D-Bsa N.Mus. SA 325,,118587684,http://www.geonames.org/3169070,116707801,
Otto Nicolai,[Georg Poelchau],Rom,1834-03-10,"Virneisel, Wilhelm, 1955. Otto Nicolai als Musiksammler. In: Walther Vetter, Hrsg. Festschrift Max Schneider zum 80. Geburtstage. Leipzig, Deutscher Verlag für Musik. S. 227–240.",229–230,,,"D-B Mus.ep. Nicolai, O. 140",DE-611-HS-2637345,118587684,http://www.geonames.org/3169070,11954265X,
Otto Nicolai,Henriette Kemnitz,Rom,1834-03-10,"Altmann, Wilhelm, Hrsg., 1937. Otto Nicolais Tagebücher. Regensburg, G. Bosse.",281–283,,,"D-B Mus.ep. Nicolai, O. 26",DE-611-HS-2637344,118587684,http://www.geonames.org/3169070,,"erworben 1925; Kombibrief an Kemnitz, weiterzuleiten an Nicolais Vater"
Otto Nicolai,Carl Friedrich Rungenhagen,Rom,1834-03-25,,,,,D-Bsa N.Mus. SA 324,,118587684,http://www.geonames.org/3169070,116707801,"Archiv SAK, Teilnachlass Rungenhagen"
Otto Nicolai,Christian Carl Josias Bunsen,Rom,1834-03-25,"Rettinghaus, Klaus, 2014. Studien zum geistlichen Werk Otto Nicolais. Berlin. ISBN 978-3-7375-1116-2",,7,,"D-Bga PK VI. HA FA Bunsen, Karl Josias, B Nr. 14, fol. 29ff.",,118587684,http://www.geonames.org/3169070,118668005,
Otto Nicolai,[Graf Wilhelm von Redern],Rom,1834-05-16,"Rettinghaus, Klaus, 2014. Studien zum geistlichen Werk Otto Nicolais. Berlin. ISBN 978-3-7375-1116-2",,8,"Henrici 126 (1927), S. 21","D-B Mus.ep. Nicolai, O. 27",DE-611-HS-2637347,118587684,http://www.geonames.org/3169070,116374594,Brief mit Berichten über Opern und das allgemeine Musikleben in Italien; erworben 1927
Otto Nicolai,[Carl Nicolai],Rom,1834-05-25/1834-05-30,"Altmann, Wilhelm, Hrsg., 1924. Otto Nicolai: Briefe an seinen Vater. Regensburg, G. Bosse.",95–101,15,,"D-B Mus.ep. Nicolai, O. 28",DE-611-HS-2637348,118587684,http://www.geonames.org/3169070,138233438,ohne Adresse
Otto Nicolai,Raimund Härtel,[Rom],1834-05-27,,,,,?,,118587684,http://www.geonames.org/3169070,117738131,lateinischer Text zur Weihnachtsouvertüre; erwähnt in Brief v. 21.4.1835
Otto Nicolai,Henriette Kemnitz,Rom,1834-05-27/1834-05-31,"Altmann, Wilhelm, Hrsg., 1937. Otto Nicolais Tagebücher. Regensburg, G. Bosse.",283–288,,,"D-B Mus.ep. Nicolai, O. 29",DE-611-HS-2637350,118587684,http://www.geonames.org/3169070,,"Post Scriptum vom 31. Mai, lag dem Brief an den Vater bei."
Otto Nicolai,Prinzessin Auguste von Preußen,Rom,1834-08-14,,,,,?,,118587684,http://www.geonames.org/3169070,118651102,erwähnt in „Tagebücher“ S. 70
Otto Nicolai,Carl Nicolai,Frascati,1834-09-04,,,,"Henrici 134 (1928), S. 48",S-Smf 5679,,118587684,http://www.geonames.org/3176589,138233438,
Otto Nicolai,Carl Friedrich Rungenhagen,Frascati,1834-09-18,,,,,D-Bsa N.Mus. SA 478,,118587684,http://www.geonames.org/3176589,116707801,
Otto Nicolai,Raphael Georg Kiesewetter,Rom,1834-09-18,"Rieger, Erwin, 1962. Zwei Briefe Otto Nicolais an Raphael Georg Kiesewetter. In: Studien zur Musikwissenschaft. 25, S. 434–439. ISSN 0930-9578",435,,,A-GÖ,,118587684,http://www.geonames.org/3169070,118722239,
Otto Nicolai,Sing-Akademie zu Berlin,Frascati,1834-09-18,,,,,???,,118587684,http://www.geonames.org/3176589,2118215-2,Kam mit Brief an Rungenhagen September 1834
Otto Nicolai,[Carl Nicolai],[Frascati],1834-09-19/1834-09-27,"Altmann, Wilhelm, Hrsg., 1924. Otto Nicolai: Briefe an seinen Vater. Regensburg, G. Bosse.",101–116,16,,"D-B Mus.ep. Nicolai, O. 30",DE-611-HS-2637353,118587684,http://www.geonames.org/3176589,138233438,
Otto Nicolai,Henriette Kemnitz,Frascati,1834-09-23,"Altmann, Wilhelm, Hrsg., 1937. Otto Nicolais Tagebücher. Regensburg, G. Bosse.",288–293,,,"D-B Mus.ep. Nicolai, O. 31",DE-611-HS-2637367,118587684,http://www.geonames.org/3176589,,
Otto Nicolai,Carl Friedrich Rungenhagen,Rom,1834-09-27,,,,,D-Bsa N.Mus. SA 327,,118587684,http://www.geonames.org/3169070,116707801,
Otto Nicolai,[Carl Nicolai],Rom,1834-10-13/1834-10-15,"Altmann, Wilhelm, Hrsg., 1924. Otto Nicolai: Briefe an seinen Vater. Regensburg, G. Bosse.",116–121,17,,"D-B Mus.ep. Nicolai, O. 32",DE-611-HS-2637370,118587684,http://www.geonames.org/3169070,138233438,
Otto Nicolai,Maurice Schlesinger,Rom,1834-10-19,,,,"Liepmannssohn 41 (1913); Henrici 77 (1922), S. 82",?,,118587684,http://www.geonames.org/3169070,11732633X,
Otto Nicolai,Maurice Schlesinger,Rom,1834-10-22,,,,"Henrici 80 (1922), S. 64",?,,118587684,http://www.geonames.org/3169070,11732633X,An Schlesinger in Paris
Otto Nicolai,Friedrich Hofmeister,Rom,1834-10-24,,,,"Henrici/Liepmannssohn [Heyer I] (1926), S. 75",S-Smf 5680,,118587684,http://www.geonames.org/3169070,116952431,Sammlung Heyer
Otto Nicolai,[Carl Nicolai],Rom,1834-10-30,"Altmann, Wilhelm, Hrsg., 1924. Otto Nicolai: Briefe an seinen Vater. Regensburg, G. Bosse.",122-128,18,,"D-B Mus.ep. Nicolai, O. 33",DE-611-HS-2637372,118587684,http://www.geonames.org/3169070,138233438,
Otto Nicolai,Graf Wilhelm von Redern,Rom,1835-01-31,Die Musik 16 (1905),391ff,,,?,,118587684,http://www.geonames.org/3169070,116374594,
Otto Nicolai,Raimund Härtel,Rom,1835-04-21,"Kruse, Georg Richard, 1906. Otto Nicolai in Leipzig. In: Die Sängerhalle. 46, S. 274f, 286f, 298f.",298,,,I-Trt,,118587684,http://www.geonames.org/3169070,117738131,An „Breitkopf & Haertel“; Rücknahme der geplanten Widmung der Weihnachtsouvertüre; Zweites Datum: 8. Mai 1835.
Otto Nicolai,Carl Nicolai,Rom,1835-05-31,"Altmann, Wilhelm, Hrsg., 1924. Otto Nicolai: Briefe an seinen Vater. Regensburg, G. Bosse.",128–149,19,,?,,118587684,http://www.geonames.org/3169070,138233438,
Otto Nicolai,Henriette Kemnitz,Rom,1835-06-03,"Altmann, Wilhelm, Hrsg., 1937. Otto Nicolais Tagebücher. Regensburg, G. Bosse.",293–299,,,"D-B Mus.ep. Nicolai, O. 34",DE-611-HS-2639305,118587684,http://www.geonames.org/3169070,,
Otto Nicolai,Ferdinand Mendheim,Rom,1835-06-26,,,,,"D-B Mus.ep. Nicolai, O. 35",DE-611-HS-2639306,118587684,http://www.geonames.org/3169070,13702035X,"Bezüglich Noten von op. 25, die Hofmeister nach Berlin geschickt hatte; erworben 1986"
Otto Nicolai,Anton Diabelli,Rom,1835-06-27,,,,"Henrici 126 (1927), S. 21; Liepmannssohn 53 (1929), S. 16",?,,118587684,http://www.geonames.org/3169070,119216132,
Otto Nicolai,[Prinzessin Auguste von Preußen],Rom,1835-06-27,,,,,"D-B Mus.ep. Nicolai, O. 36",DE-611-HS-2639310,118587684,http://www.geonames.org/3169070,118651102,Begleitschreiben zum Druck der Fantasie op. 25; ging zuerst an Mendheim (vgl. Brief 16.2.1836); erworben 1928
Otto Nicolai,Georg Poelchau,Rom,1835-09-14/1835-10-02,"Virneisel, Wilhelm, 1955. Otto Nicolai als Musiksammler. In: Walther Vetter, Hrsg. Festschrift Max Schneider zum 80. Geburtstage. Leipzig, Deutscher Verlag für Musik. S. 227–240.",230–238,,,"D-B Mus.ep. Nicolai, O. 141",DE-611-HS-2639316,118587684,http://www.geonames.org/3169070,11954265X,"Langer Brief, vollendet am 22.9.1835"
Otto Nicolai,Ferdinand Mendheim,Rom,1835-09-18,,,,,"D-B Mus.ep. Nicolai, O. 37",DE-611-HS-2639317,118587684,http://www.geonames.org/3169070,13702035X,Brief mit Bitte zur Besorgung des Exemplars op. 25 für die Prinzessin; Vermerk Mendheims: „am 20 October 35 das Dedications=Exemplar der Prinzessin Wilhelm zugesandt.“; Briefumschlag erhalten
Otto Nicolai,Redaktion der Neuen Zeitschrift für Musik,Rom,1835-10-02,Neue Zeitschrift für Musik 3 (1835),188,,,?,,118587684,http://www.geonames.org/3169070,,"Musikalische Aufsätze, S. 46–52"
Otto Nicolai,Robert Schumann,Rom,1835-10-02,,,,,PL-Kj,,118587684,http://www.geonames.org/3169070,118611666,Schumann Briefverzeichnis Nr. 233a
Otto Nicolai,Carl Nicolai,Rom,1835-10-03,"Altmann, Wilhelm, Hrsg., 1924. Otto Nicolai: Briefe an seinen Vater. Regensburg, G. Bosse.",150–156,20,,"D-B Mus.ep. Nicolai, O. 38",DE-611-HS-2639318,118587684,http://www.geonames.org/3169070,138233438,
Otto Nicolai,Preußisches Ministerium der auswärtigen Angelegenheiten,Rom,1835-10-03,,,,,?,,118587684,http://www.geonames.org/3169070,,Nachweis: Brief 3.10.1835 an Carl Nicolai
Otto Nicolai,[Henriette Kemnitz],Rom,1836-02-16,"Altmann, Wilhelm, Hrsg., 1937. Otto Nicolais Tagebücher. Regensburg, G. Bosse.",299–304,,,"D-B Mus.ep. Nicolai, O. 39",DE-611-HS-2639319,118587684,http://www.geonames.org/3169070,,
Otto Nicolai,Carl Friedrich Rungenhagen,Rom,1836-03-10,,,,,D-Bsa N.Mus. SA 480,,118587684,http://www.geonames.org/3169070,116707801,bzgl. Preisbewerbung der Königl. Academie der Künste
Otto Nicolai,Carl Friedrich Rungenhagen,Rom,1836-03-17,,,,,D-Bsa N.Mus. SA 481,,118587684,http://www.geonames.org/3169070,116707801,Antwort auf Schreiben vom 28.11.1835
Otto Nicolai,Carl Nicolai,Rom,1836-04-16,"Altmann, Wilhelm, Hrsg., 1924. Otto Nicolai: Briefe an seinen Vater. Regensburg, G. Bosse.",156–158,21,,"D-B Mus.ep. Nicolai, O. 40",DE-611-HS-2639320,118587684,http://www.geonames.org/3169070,138233438,
Otto Nicolai,Raphael Georg Kiesewetter,Rom,1836-05-03/1836-05-11,"Rieger, Erwin, 1962. Zwei Briefe Otto Nicolais an Raphael Georg Kiesewetter. In: Studien zur Musikwissenschaft. 25, S. 434–439. ISSN 0930-9578",436–438,,,A-GÖ (unauffindbar),,118587684,http://www.geonames.org/3169070,118722239,jetzt D-Gs?
Otto Nicolai,Preußisches Kultus-Ministerium,Rom,1836-05-04,,,,,?,,118587684,http://www.geonames.org/3169070,2083040-3,in D-Bga nicht auffindbar
Otto Nicolai,Preußisches Ministerium der auswärtigen Angelegenheiten,Rom,1836-05-04,"Rettinghaus, Klaus, 2014. Studien zum geistlichen Werk Otto Nicolais. Berlin. ISBN 978-3-7375-1116-2",,9,,"D-Bga III. HA MdA, I Nr. 11568",,118587684,http://www.geonames.org/3169070,,
Otto Nicolai,Robert Schumann,Rom,1836-05-11,,,,,PL-Kj,,118587684,http://www.geonames.org/3169070,118611666,Schumann Briefverzeichnis Nr. 362
Otto Nicolai,Carl Nicolai,Rom,1836-06-26,"Altmann, Wilhelm, Hrsg., 1924. Otto Nicolai: Briefe an seinen Vater. Regensburg, G. Bosse.",159–167,22,,"D-B Mus.ep. Nicolai, O. 41",DE-611-HS-2639321,118587684,http://www.geonames.org/3169070,138233438,
Otto Nicolai,Niccolo Sardi,Macerata,1836-07-07,,,,,I-MOe,,118587684,http://www.geonames.org/3174380,,
Otto Nicolai,Henriette Kemnitz,Macerata,1836-08-01,"Altmann, Wilhelm, Hrsg., 1937. Otto Nicolais Tagebücher. Regensburg, G. Bosse.",304–306,,,"D-B Mus.ep. Nicolai, O. 42",DE-611-HS-2639323,118587684,http://www.geonames.org/3174380,,
Otto Nicolai,Francesco Ghittini,Bologna,1836-09-24,,,,,D-B N.Mus.ep. 2448,,118587684,http://www.geonames.org/3181928,,Quittung
Otto Nicolai,Carl Nicolai,Bologna,1836-10-13,"Altmann, Wilhelm, Hrsg., 1924. Otto Nicolai: Briefe an seinen Vater. Regensburg, G. Bosse.",167–175,23,,"D-B Mus.ep. Nicolai, O. 43",DE-611-HS-2639324,118587684,http://www.geonames.org/3181928,138233438,
Otto Nicolai,Carl Nicolai,Mailand,1836-12-12/1836-12-17,"Altmann, Wilhelm, Hrsg., 1924. Otto Nicolai: Briefe an seinen Vater. Regensburg, G. Bosse.",175–198,24,"Stargardt [Alexander Meyer Cohn] (1906), S. 279","D-B Mus.ep. Nicolai, O. 44",DE-611-HS-2639326,118587684,http://www.geonames.org/3173435,138233438,begonnen in Piacenza
Otto Nicolai,Franz Graf von Hartig,Piacenza,1836-12-15,"Altmann, Wilhelm, Hrsg., 1937. Otto Nicolais Tagebücher. Regensburg, G. Bosse.",172–174,,,?,,118587684,http://www.geonames.org/3171058,116490691,In Tagebüchern nur Entwurf
Otto Nicolai,Henriette Kemnitz,Mailand,1836-12-18,"Altmann, Wilhelm, Hrsg., 1937. Otto Nicolais Tagebücher. Regensburg, G. Bosse.",307–309,,,"D-B Mus.ep. Nicolai, O. 45",DE-611-HS-2639328,118587684,http://www.geonames.org/3173435,,
Otto Nicolai,Robert Schumann,Mailand,1837-01-17,,,,,PL-Kj,,118587684,http://www.geonames.org/3173435,118611666,Schumann Briefverzeichnis Nr. 537
Otto Nicolai,Robert Schumann,Mailand,1837-02-03,,,,,PL-Kj,,118587684,http://www.geonames.org/3173435,118611666,Schumann Briefverzeichnis Nr. 566
Otto Nicolai,Carl Nicolai,Mailand,1837-02-21,"Altmann, Wilhelm, Hrsg., 1924. Otto Nicolai: Briefe an seinen Vater. Regensburg, G. Bosse.",199–201,25,,"D-B Mus.ep. Nicolai, O. 47",DE-611-HS-2639331,118587684,http://www.geonames.org/3173435,138233438,
Otto Nicolai,Henriette Kemnitz,Mailand,1837-02-21,"Altmann, Wilhelm, Hrsg., 1937. Otto Nicolais Tagebücher. Regensburg, G. Bosse.",310–314,,,"D-B Mus.ep. Nicolai, O. 46",DE-611-HS-2639329,118587684,http://www.geonames.org/3173435,,
Otto Nicolai,Mitglieder des k. k. Hof-Opern-Theater-Orchesters,Wien,1837-06-25,"Altmann, Wilhelm, Hrsg., 1937. Otto Nicolais Tagebücher. Regensburg, G. Bosse.",184,,,?,,118587684,http://www.geonames.org/2761369,,Entwurf Tb III/Frag. D-DT
Otto Nicolai,Carl Nicolai,Wien,1837-07-01,"Altmann, Wilhelm, Hrsg., 1924. Otto Nicolai: Briefe an seinen Vater. Regensburg, G. Bosse.",201–206,26,,"D-B Mus.ep. Nicolai, O. 48",DE-611-HS-2639332,118587684,http://www.geonames.org/2761369,138233438,
Otto Nicolai,Carl Nicolai,Wien,1837-08-14,"Altmann, Wilhelm, Hrsg., 1924. Otto Nicolai: Briefe an seinen Vater. Regensburg, G. Bosse.",206–212,27,,"D-B Mus.ep. Nicolai, O. 49",DE-611-HS-2639333,118587684,http://www.geonames.org/2761369,138233438,
Otto Nicolai,Breitkopf & Härtel,Wien,1837-09-24,,,,"Henrici/Liepmannssohn [Heyer I] (1926), S. 76",S-Smf 5681,,118587684,http://www.geonames.org/2761369,64766-4,Sammlung Heyer
Otto Nicolai,Robert Schumann,Wien,1837-09-24,"Boetticher, Wolfgang, Hrsg., 1979. Briefe und Gedichte aus dem Album Robert und Clara Schumanns. Leipzig, Deutscher Verlag für Musik.",144f,92,,D-Dl Mus. Schu. 217,DE-611-HS-2442360,118587684,http://www.geonames.org/2761369,118611666,Schumann Briefverzeichnis Nr. 723
Otto Nicolai,[Henriette Kemnitz],Wien,1837-10-23,"Altmann, Wilhelm, Hrsg., 1937. Otto Nicolais Tagebücher. Regensburg, G. Bosse.",314–318,,,"D-B Mus.ep. Nicolai, O. 50",DE-611-HS-2639337,118587684,http://www.geonames.org/2761369,,
Otto Nicolai,Carl Nicolai,Wien,1837-10-23,"Altmann, Wilhelm, Hrsg., 1924. Otto Nicolai: Briefe an seinen Vater. Regensburg, G. Bosse.",212–215,28,,"D-B Mus.ep. Nicolai, O. 51",DE-611-HS-2639347,118587684,http://www.geonames.org/2761369,138233438,
Otto Nicolai,Felix Mendelssohn Bartholdy,Wien,1837-11-06,,,,,"GB-Ob M.D.M. d. 32, fol. 98",,118587684,http://www.geonames.org/2761369,118580779,
Otto Nicolai,Joseph Fischhof,Wien,1837-12-09,,,,,A-Wst H.I.N.-4259,,118587684,http://www.geonames.org/2761369,116584645,Billett
Otto Nicolai,Joseph Fischhof,[Wien],1837-12-20,,,,,A-Wst H.I.N.-4260,,118587684,http://www.geonames.org/2761369,116584645,Billett
Otto Nicolai,Gesellschaft der Musikfreunde des Österreichischen Kaiserstaates,Wien,1838-01-04,,,,,A-Wgm,,118587684,http://www.geonames.org/2761369,5541564-7,Vorstand der GdM; Abschrift in: D-DT; Abschrift in: D-B La Mara: Convolut 14
Otto Nicolai,Joseph Fischhof,[Wien],1838-01-15,,,,,A-Wst H.I.N.-4261,,118587684,http://www.geonames.org/2761369,116584645,Billett
Otto Nicolai,Moritz Graf Dietrichstein,Wien,1838-01-15,,,,,WA,,118587684,http://www.geonames.org/2761369,116113669,
Otto Nicolai,Joseph Fischhof / Tobias Haslinger,Wien,1838-01-25,,,,,A-Wst,,118587684,http://www.geonames.org/2761369,116584645/118546643,
Otto Nicolai,[Carl Nicolai],Wien,1838-02-28,"Altmann, Wilhelm, Hrsg., 1924. Otto Nicolai: Briefe an seinen Vater. Regensburg, G. Bosse.",215–221,29,,"D-B Mus.ep. Nicolai, O. 52",DE-611-HS-2639349,118587684,http://www.geonames.org/2761369,138233438,
Otto Nicolai,Gesellschaft der Musikfreunde des Österreichischen Kaiserstaates,Wien,1838-03-17,,,,,"A-Wgm, Abschrift D-DT",,118587684,http://www.geonames.org/2761369,5541564-7,
Otto Nicolai,Joseph Kläckl (GdM),Wien,1838-03-25,,,,,A-Wgm,,118587684,http://www.geonames.org/2761369,,
Otto Nicolai,Giuseppe de Filippi,Wien,1838-04-07,,,,"Henrici 80 (1922), S. 64",?,,118587684,http://www.geonames.org/2761369,116513276,italienisch
Otto Nicolai,Carl Nicolai,Wien,1838-04-10,,,,,"D-B Mus.ep. Nicolai, O. 53",DE-611-HS-2639350,118587684,http://www.geonames.org/2761369,138233438,erworben 1935
Otto Nicolai,Carl Nicolai,Wien,1838-04-12,"Altmann, Wilhelm, Hrsg., 1924. Otto Nicolai: Briefe an seinen Vater. Regensburg, G. Bosse.",221–227,30,,"D-B Mus.ep. Nicolai, O. 54",DE-611-HS-2639501,118587684,http://www.geonames.org/2761369,138233438,
Otto Nicolai,Carl Nicolai,Wien,1838-04-20,,,,"Henrici 17 (1913), S. 23",A-Wst H.I.N.-24817,,118587684,http://www.geonames.org/2761369,138233438,
Otto Nicolai,Aloys Fuchs,Wien,1838-06-22,,,,,"D-B Mus.ep. Nicolai, O. 55",DE-611-HS-2639514,118587684,http://www.geonames.org/2761369,118693948,Aloys Fuchs; Bitte „die alten Orgel=Ricercari“ an Tob. Haslinger zu geben; erworben 1986
Otto Nicolai,E. von Heilinger,Wien,1838-06-25,,,,,A-Wst H.I.N.-4262,,118587684,http://www.geonames.org/2761369,,Billett
Otto Nicolai,Carl Nicolai,Wien,1838-06-26,"Altmann, Wilhelm, Hrsg., 1924. Otto Nicolai: Briefe an seinen Vater. Regensburg, G. Bosse.",228–230,31,,"D-B Mus.ep. Nicolai, O. 56",DE-611-HS-2639519,118587684,http://www.geonames.org/2761369,138233438,
Otto Nicolai,Eduard Grell,Wien,1838-06-27,,,,,?,,118587684,http://www.geonames.org/2761369,118542001,nachgewiesen durch Notiz Grells.
Otto Nicolai,Johann Baptist Streicher,Wien,1838-06-27,,,,,A-Wn Autogr. 126/72-1,,118587684,http://www.geonames.org/2761369,117317179,
Otto Nicolai,Johann Baptist Streicher,Verona,1838-07-14,,,,,A-Wn Autogr. 126/72-2,,118587684,http://www.geonames.org/3164527,117317179,
Otto Nicolai,Felice Romani,Turin,1838-08-29,,,,Christies SALE 2357 (1999),?,,118587684,http://www.geonames.org/3165524,119309912,
Otto Nicolai,Johann Vesque von Püttlingen,Venedig,1838-10-15,"Anon., 1887. Johann Vesque von Püttlingen: Eine Lebensskizze. Wien, Alfred Hölder.",79–82,,,A-Wst H.I.N.-31274,,118587684,http://www.geonames.org/3164603,117395684,
Otto Nicolai,Carl Nicolai,Venedig,1838-10-18,"Altmann, Wilhelm, Hrsg., 1924. Otto Nicolai: Briefe an seinen Vater. Regensburg, G. Bosse.",231–234,32,,"D-B Mus.ep. Nicolai, O. 57",DE-611-HS-2639520,118587684,http://www.geonames.org/3164603,138233438,
Otto Nicolai,Jacopo Ferretti,Venedig,1838-10-28,,,,,I-MOe,,118587684,http://www.geonames.org/3164603,100471196,
Otto Nicolai,Anton Diabelli,Venedig,1838-10-29,,,,"Henrici 126 (1927), S. 21; Liepmannssohn 53 (1929), S. 16; Stargardt Dez (1975); Stargardt 659 (1995), S. 284",?,,118587684,http://www.geonames.org/3164603,119216132,Auszüge bei Stargardt
Otto Nicolai,Johann Vesque von Püttlingen,Venedig,1838-10-29,"Anon., 1887. Johann Vesque von Püttlingen: Eine Lebensskizze. Wien, Alfred Hölder.",82–83,,,A-Wst H.I.N.-31275,,118587684,http://www.geonames.org/3164603,117395684,
Otto Nicolai,Johann Vesque von Püttlingen,Venedig,1838-10-30,,,,,A-Wst H.I.N.-31276,,118587684,http://www.geonames.org/3164603,117395684,lt. Konrad Ohne Jahr!
Otto Nicolai,[Felice Romani],Rom,1838-11-23,,,,"Henrici/Liepmannssohn [Heyer I] (1926), S. 76","D-B Mus.ep. Nicolai, O. 58",DE-611-HS-2639521,118587684,http://www.geonames.org/3169070,119309912,vielleicht auch an Costaggini? Italienisch urspr. wohl mit Brief an Lamperi in Turin; erworben 1926
Otto Nicolai,Johann Vesque von Püttlingen,Rom,1838-12-17,"Anon., 1887. Johann Vesque von Püttlingen: Eine Lebensskizze. Wien, Alfred Hölder.",83–85,,,A-Wst H.I.N.-31277,,118587684,http://www.geonames.org/3169070,117395684,
Otto Nicolai,Carl Nicolai,Rom,1839-01-04,"Altmann, Wilhelm, Hrsg., 1937. Otto Nicolais Tagebücher. Regensburg, G. Bosse.",319–321,,"Lengfeld 42 (1932), S. 80","D-B Mus.ep. Nicolai, O. 59",DE-611-HS-2639523,118587684,http://www.geonames.org/3169070,138233438,
Otto Nicolai,Johann Vesque von Püttlingen,Rom,1839-05-10,"Anon., 1887. Johann Vesque von Püttlingen: Eine Lebensskizze. Wien, Alfred Hölder.",85–86,,,A-Wst H.I.N.-31444,,118587684,http://www.geonames.org/3169070,117395684,
Otto Nicolai,Carl Nicolai,Rom,1839-06-27,"Altmann, Wilhelm, Hrsg., 1924. Otto Nicolai: Briefe an seinen Vater. Regensburg, G. Bosse.",235–239,33,,"D-B Mus.ep. Nicolai, O. 60",DE-611-HS-2639525,118587684,http://www.geonames.org/3169070,138233438,
Otto Nicolai,Johann Vesque von Püttlingen,Macerata,1839-08-03/1839-08-15,"Anon., 1887. Johann Vesque von Püttlingen: Eine Lebensskizze. Wien, Alfred Hölder.",86–87,,,A-Wst H.I.N.-31278,,118587684,http://www.geonames.org/3174380,117395684,begonnen in Rom
Otto Nicolai,Carl Nicolai,Turin,1840-02-15,"Altmann, Wilhelm, Hrsg., 1924. Otto Nicolai: Briefe an seinen Vater. Regensburg, G. Bosse.",240–245,34,,"D-B Mus.ep. Nicolai, O. 61",DE-611-HS-2639527,118587684,http://www.geonames.org/3165524,138233438,
Otto Nicolai,Francesco Lucca,Turin,1840-02-20,,,,"Stargardt 276 (1928), S. 110",S-Smf 5682,,118587684,http://www.geonames.org/3165524,1019623209,"„Franc. Lucca, Editore di musica, Milano“"
Otto Nicolai,Carl Nicolai,Mailand,1840-03-09,"Altmann, Wilhelm, Hrsg., 1924. Otto Nicolai: Briefe an seinen Vater. Regensburg, G. Bosse.",245–247,35,,"D-B Mus.ep. Nicolai, O. 63",DE-611-HS-2639531,118587684,http://www.geonames.org/3173435,138233438,
Otto Nicolai,Francesco Lucca,Mailand,1840-03-14,,,,"Stargardt (1996), S. 366; Schmolt 25 (2011), S. 230; Kotte 44 (2011), S. 280; (2017 bei Kotte)",?,,118587684,http://www.geonames.org/3173435,1019623209,Bzgl. Änderungen am „Il Templario“
Otto Nicolai,[Eine Verwandte in Königsberg],Genua,1840-04-08,,,,Liepmannssohn 68 (1888),?,,118587684,http://www.geonames.org/3176219,,
Otto Nicolai,Francesco Lucca,Genua,1840-05-18,,,,,US-NYfuld,,118587684,http://www.geonames.org/3176219,1019623209,
Otto Nicolai,Francesco Lucca,[Genua],1840-05-24,,,,,S-Smf 5683,,118587684,http://www.geonames.org/3176219,1019623209,
Otto Nicolai,Fortunato Santini,Genua,1840-05-25,,,,,D-LEu Slg. Nebauer/M/L-Q/M416,DE-611-HS-2260088,118587684,http://www.geonames.org/3176219,116804831,Bzgl. Vesque von Püttlingen
Otto Nicolai,Marietta Capalti,Genua,1840-05-25,,,,,A-Wst H.I.N.-31279,,118587684,http://www.geonames.org/3176219,,
Otto Nicolai,Francesco Lucca,Genua,1840-05-26,,,,"Hans Schneider Tutzing 200 (1976), S. 188",?,,118587684,http://www.geonames.org/3176219,1019623209,
Otto Nicolai,Carl Nicolai,Triest,1840-09-03,"Altmann, Wilhelm, Hrsg., 1924. Otto Nicolai: Briefe an seinen Vater. Regensburg, G. Bosse.",247–253,36,,"D-B Mus.ep. Nicolai, O. 64",DE-611-HS-2639533,118587684,http://www.geonames.org/3165185,138233438,
Otto Nicolai,Carl Nicolai,Triest,1840-09-04,"Altmann, Wilhelm, Hrsg., 1924. Otto Nicolai: Briefe an seinen Vater. Regensburg, G. Bosse.",253–256,37,,"D-B Mus.ep. Nicolai, O. 65",DE-611-HS-2639537,118587684,http://www.geonames.org/3165185,138233438,
Otto Nicolai,[Carl Nicolai],Triest,1840-09-22,"Altmann, Wilhelm, Hrsg., 1924. Otto Nicolai: Briefe an seinen Vater. Regensburg, G. Bosse.",256–258,38,,"D-B Mus.ep. Nicolai, O. 66",DE-611-HS-2639540,118587684,http://www.geonames.org/3165185,138233438,
Otto Nicolai,,Mailand,1840-10-03,,,,Liepmannssohn 6./7.5.1889,?,,118587684,http://www.geonames.org/3173435,,
Otto Nicolai,[Carl Nicolai],Mailand,1840-11-27,"Altmann, Wilhelm, Hrsg., 1924. Otto Nicolai: Briefe an seinen Vater. Regensburg, G. Bosse.",258–259,39,,"D-B Mus.ep. Nicolai, O. 62",DE-611-HS-2639544,118587684,http://www.geonames.org/3173435,138233438,
Otto Nicolai,Ferdinand Hiller,Mailand,1841-03-22,,,,,D-KNa Best. 1051,,118587684,http://www.geonames.org/3173435,118704931,Stammbucheintrag
Otto Nicolai,[Carl Nicolai],Mailand,1841-03-23,"Altmann, Wilhelm, Hrsg., 1924. Otto Nicolai: Briefe an seinen Vater. Regensburg, G. Bosse.",260–263,40,,"D-B Mus.ep. Nicolai, O. 67",DE-611-HS-2639546,118587684,http://www.geonames.org/3173435,138233438,
Otto Nicolai,[Carl Nicolai],Wien,1841-04-24,"Altmann, Wilhelm, Hrsg., 1924. Otto Nicolai: Briefe an seinen Vater. Regensburg, G. Bosse.",263–268,41,,"D-B Mus.ep. Nicolai, O. 68",DE-611-HS-2639549,118587684,http://www.geonames.org/2761369,138233438,
Otto Nicolai,[Carl Nicolai],Wien,1841-06-16/1841-06-17,"Altmann, Wilhelm, Hrsg., 1924. Otto Nicolai: Briefe an seinen Vater. Regensburg, G. Bosse.",269–277,42,,"D-B Mus.ep. Nicolai, O. 69",DE-611-HS-2639552,118587684,http://www.geonames.org/2761369,138233438,an Carl Nicolai in Berlin
Otto Nicolai,[Carl Nicolai],Warschau,1841-07-23,"Altmann, Wilhelm, Hrsg., 1924. Otto Nicolai: Briefe an seinen Vater. Regensburg, G. Bosse.",277–280,43,,"D-B Mus.ep. Nicolai, O. 70",DE-611-HS-2639556,118587684,http://www.geonames.org/756135,138233438,
Otto Nicolai,Francesco Lucca,Wien,1841-08-10,,,,"Liepmannssohn 52 (1928); Stargardt 603 (1974), S. 132",?,,118587684,http://www.geonames.org/2761369,1019623209,Bezüglich deutscher Übersetzung des „Il Templario“
Otto Nicolai,[Friedrich Kistner],Wien,1841-08-10,,,,,S-Smf 5684,,118587684,http://www.geonames.org/2761369,12081997X,Bezüglich deutscher Übersetzung des „Il Templario“
Otto Nicolai,[Carl Nicolai],Wien,1841-10-24,"Altmann, Wilhelm, Hrsg., 1924. Otto Nicolai: Briefe an seinen Vater. Regensburg, G. Bosse.",280–284,44,,"D-B Mus.ep. Nicolai, O. 71",DE-611-HS-2639562,118587684,http://www.geonames.org/2761369,138233438,
Otto Nicolai,Ignaz Franz Castelli,Wien,1841-11-03,"La Mara, 1886. Musikerbriefe aus fünf Jahrhunderten. 2. Leipzig, Breitkopf & Härtel.",206f,,,A-Wn Autogr. 48/38-1,,118587684,http://www.geonames.org/2761369,118667424,
Otto Nicolai,[Carl Nicolai],Wien,1841-11-19,"Altmann, Wilhelm, Hrsg., 1924. Otto Nicolai: Briefe an seinen Vater. Regensburg, G. Bosse.",284–291,45,,"D-B Mus.ep. Nicolai, O. 72",DE-611-HS-2639564,118587684,http://www.geonames.org/2761369,138233438,
Otto Nicolai,August Schmidt,Wien,1841-12-20,,,,"Stargardt [Donebauer] (1908), S. 79; Hoepli/Oppermann 437 (1934), S. 31; Stargardt 554 (1961), S. 41",?,,118587684,http://www.geonames.org/2761369,117501816,„Suum cuique! jede Schule an ihrem Ort! Mozart und Gluck wussten das! sie haben maches italienische Werk componirt!“
Otto Nicolai,[Carl Nicolai],Wien,1842-02-06,"Altmann, Wilhelm, Hrsg., 1924. Otto Nicolai: Briefe an seinen Vater. Regensburg, G. Bosse.",291–293,46,,"D-B Mus.ep. Nicolai, O. 73",DE-611-HS-2639568,118587684,http://www.geonames.org/2761369,138233438,
Otto Nicolai,Johann Rudolph Graf Czernin zu Chudenitz,Wien,1842-03-02,,,,,A-Wph,,118587684,http://www.geonames.org/2761369,130133469,Kopie A-Wst H.I.N.-4671
Otto Nicolai,k. k. Ober-Polizei-Direktion,Wien,1842-03-06,,,,,A-Wph,,118587684,http://www.geonames.org/2761369,,Kopie A-Wst H.I.N.-4672
Otto Nicolai,Johann Vesque von Püttlingen,Wien,1842-03-11,,,,,A-Wst H.I.N.-31280,,118587684,http://www.geonames.org/2761369,117395684,
Otto Nicolai,Heinrich Eduard Josef von Lannoy,[Wien],1842-03-13,,,,,D-KIu,,118587684,http://www.geonames.org/2761369,118569600,Kalliope
Otto Nicolai,[Carl Nicolai],Wien,1842-04-14,,,,,"D-B Mus.ep. Nicolai, O. 74",DE-611-HS-2639571,118587684,http://www.geonames.org/2761369,138233438,Erworben 1930
Otto Nicolai,[Carl Nicolai],Wien,1842-05-09,"Altmann, Wilhelm, Hrsg., 1924. Otto Nicolai: Briefe an seinen Vater. Regensburg, G. Bosse.",294–295,47,,"D-B Mus.ep. Nicolai, O. 75",DE-611-HS-2639575,118587684,http://www.geonames.org/2761369,138233438,
Otto Nicolai,Aloys Fuchs,Wien,1842-05-23,,,,,"D-B Mus.ep. Nicolai, O. 76",DE-611-HS-2639577,118587684,http://www.geonames.org/2761369,118693948,Alois v Fuchs; „mit Musicalien.“; erworben 1986
Otto Nicolai,[Carl Nicolai],Wien,1842-06-01,"Altmann, Wilhelm, Hrsg., 1924. Otto Nicolai: Briefe an seinen Vater. Regensburg, G. Bosse.",295–298,48,,"D-B Mus.ep. Nicolai, O. 77",DE-611-HS-2639581,118587684,http://www.geonames.org/2761369,138233438,
Otto Nicolai,Joseph Fischhof,Wien,1842-06-04,,,,,A-Wst H.I.N.-4263,,118587684,http://www.geonames.org/2761369,116584645,Billett
Otto Nicolai,Clamor von Münchhausen,Wien,1842-06-18,"Kruse, Georg Richard, 1910. Wilhelmine: Eine Erinnerung an Otto Nicolai. In: Rheinische Musik- und Theater-Zeitung. 11, S. 533–535.",533-535,,,?,,118587684,http://www.geonames.org/2761369,,
Otto Nicolai,[Carl Nicolai],Wien,1842-06-21,"Altmann, Wilhelm, Hrsg., 1924. Otto Nicolai: Briefe an seinen Vater. Regensburg, G. Bosse.",299–300,49,,"D-B Mus.ep. Nicolai, O. 78",DE-611-HS-2639584,118587684,http://www.geonames.org/2761369,138233438,"21. Juni aus „20. Juni“ korrigiert, urspr. eingelegt Brief an Trautwein"
Otto Nicolai,Aloys Fuchs,Wien,1842-07-02,,,,,"D-B Mus.ep. Nicolai, O. 79",DE-611-HS-2639590,118587684,http://www.geonames.org/2761369,118693948,Alois von Fuchs
Otto Nicolai,Carl Nicolai,Wien,1842-07-04,"Altmann, Wilhelm, Hrsg., 1924. Otto Nicolai: Briefe an seinen Vater. Regensburg, G. Bosse.",300–301,50,,"D-B Mus.ep. Nicolai, O. 80",DE-611-HS-2639594,118587684,http://www.geonames.org/2761369,138233438,
Otto Nicolai,Alfred Julius Becher,Wien,1842-07-23,,,,"Henrici 77 (1922), S. 82",?,,118587684,http://www.geonames.org/2761369,118654268,
Otto Nicolai,Aloys Fuchs,Wien,1842-07-23,,,,,"D-B Mus.ep. Nicolai, O. 81",DE-611-HS-2639598,118587684,http://www.geonames.org/2761369,118693948,Alois von Fuchs; erworben 1986
Otto Nicolai,Carl Nicolai,Wien,1842-08-17,"Altmann, Wilhelm, Hrsg., 1924. Otto Nicolai: Briefe an seinen Vater. Regensburg, G. Bosse.",301–303,51,,"D-B Mus.ep. Nicolai, O. 82",DE-611-HS-2639600,118587684,http://www.geonames.org/2761369,138233438,
Otto Nicolai,Carl Nicolai,Wien,1842-08-28,,,,"Boerner 104 (1911), S. 202; Stargardt 306 (1930), S, 55",S-Smf 5685,,118587684,http://www.geonames.org/2761369,138233438,
Otto Nicolai,Carl Nicolai,Wien,1842-09-05,"Altmann, Wilhelm, Hrsg., 1924. Otto Nicolai: Briefe an seinen Vater. Regensburg, G. Bosse.",303–305,52,,"D-B Mus.ep. Nicolai, O. 83",DE-611-HS-2639603,118587684,http://www.geonames.org/2761369,138233438,
Otto Nicolai,Ludwig August Frankl,[Wien],1842-09-09,,,,"Henrici/Liepmannssohn [Heyer III] (1927), S. 49",S-Smf 2830,,118587684,http://www.geonames.org/2761369,116718234,"Sammlung Heyer, Nydahl"
Otto Nicolai,k. k. Ober-Polizei-Direktion,Wien,1842-10-12,,,,,A-Wph,,118587684,http://www.geonames.org/2761369,,
Otto Nicolai,Carl Nicolai,Wien,1842-10-13,"Altmann, Wilhelm, Hrsg., 1924. Otto Nicolai: Briefe an seinen Vater. Regensburg, G. Bosse.",305–306,53,,"D-B Mus.ep. Nicolai, O. 84",DE-611-HS-2639606,118587684,http://www.geonames.org/2761369,138233438,
Otto Nicolai,Carlo Balochino,Wien,1842-10-13,,,,,A-Wph,,118587684,http://www.geonames.org/2761369,130551716,
Otto Nicolai,k. k. Obersthofmeisteramt,Wien,1842-10-14,,,,,"A-Whh (OMeA, r.27-42/49,K.491)",,118587684,http://www.geonames.org/2761369,10024328-9,
Otto Nicolai,Gesellschaft der Musikfreunde des Österreichischen Kaiserstaates,Wien,1842-10-18,,,,,A-Wgm,,118587684,http://www.geonames.org/2761369,5541564-7,
Otto Nicolai,Joseph Fischhof,Wien,1842-10-20,,,,,A-Wst H.I.N.-4264,,118587684,http://www.geonames.org/2761369,116584645,
Otto Nicolai,Carlo Balochino,Wien,1842-10-23,"Jerger, Wilhelm, Hrsg., 1942. Briefe an die Wiener Philharmoniker. Wien, Wiener Verlagsgesellschaft.",26,,,A-Wph,,118587684,http://www.geonames.org/2761369,130551716,
Otto Nicolai,Joseph Fischhof,Wien,1842-10-24,,,,,A-Wst,,118587684,http://www.geonames.org/2761369,116584645,
Otto Nicolai,Joseph Dessauer,Wien,1842-12-16,,,,"Gilhofer 12 (1933), S. 28; Stargardt 565 (1963), S. 112; Stargardt 657 (1994), S. 104",?,,118587684,http://www.geonames.org/2761369,101057903,Einladung zu einem Festessen „um Beethoven's Gedächtniß zu feiern.“
Otto Nicolai,Giovanni Gentiluomo,[Wien],1843-01-23,,,,,?,,118587684,http://www.geonames.org/2761369,116542705,Identisch mit A-Wn Autogr. 48/38-2?
Otto Nicolai,Aloys Fuchs,Wien,1843-02-26,,,,,"D-B Mus.ep. Nicolai, O. 85",DE-611-HS-2639613,118587684,http://www.geonames.org/2761369,118693948,Alois v Fuchs; erworben 1986
Otto Nicolai,Gesellschaft der Musikfreunde des Österreichischen Kaiserstaates,Wien,1843-03-05,,,,,A-Wgm,,118587684,http://www.geonames.org/2761369,5541564-7,Leitender Ausschuß der GdM
Otto Nicolai,Gesellschaft der Musikfreunde des Österreichischen Kaiserstaates,Wien,1843-03-05,,,,,A-Wgm,,118587684,http://www.geonames.org/2761369,5541564-7,Leitender Ausschuß der GdM
Otto Nicolai,[August Schmidt],Wien,1843-03-10,,,,,A-Wst H.I.N.-182475,,118587684,http://www.geonames.org/2761369,117501816,Im Auftrag des Orchesterpersonals des k. k. Hofoperntheaters 
Otto Nicolai,Gesellschaft der Musikfreunde des Österreichischen Kaiserstaates,Wien,1843-03-12,,,,,A-Wgm,,118587684,http://www.geonames.org/2761369,5541564-7,Leitender Ausschuß der GdM
Otto Nicolai,Gesellschaft der Musikfreunde des Österreichischen Kaiserstaates,Wien,1843-03-17,,,,,A-Wgm,,118587684,http://www.geonames.org/2761369,5541564-7,Leitender Ausschuß der GdM
Otto Nicolai,,[Wien],1843-03-23,,,,,A-Wn Autogr. 48/38-2,,118587684,http://www.geonames.org/2761369,,
Otto Nicolai,Journalist,Wien,1843-03-29,,,,,US-NYp,,118587684,http://www.geonames.org/2761369,,
Otto Nicolai,Gesellschaft der Musikfreunde des Österreichischen Kaiserstaates,Wien,1843-04-07,,,,,A-Wgm,,118587684,http://www.geonames.org/2761369,5541564-7,Leitender Ausschuß der GdM
Otto Nicolai,Alfred Julius Becher,Wien,1843-04-20,,,,"Stargardt 258 (1926), S. 83","D-B Mus.ep. Nicolai, O. 86",DE-611-HS-2639617,118587684,http://www.geonames.org/2761369,118654268,Fr. J. A. Becher? Nicolai duzt ihn
Otto Nicolai,Johann Baptist Streicher,[Wien],1843-05-30,,,,,A-Wn Autogr. 126/72-3,,118587684,http://www.geonames.org/2761369,117317179,
Otto Nicolai,Carl Nicolai,Wien,1843-06-23,"Altmann, Wilhelm, Hrsg., 1924. Otto Nicolai: Briefe an seinen Vater. Regensburg, G. Bosse.",306–310,54,,"D-B Mus.ep. Nicolai, O. 87",DE-611-HS-2639659,118587684,http://www.geonames.org/2761369,138233438,
Otto Nicolai,Gesellschaft der Musikfreunde des Österreichischen Kaiserstaates,Wien,1843-06-28,,,,,A-Wgm,,118587684,http://www.geonames.org/2761369,5541564-7,Leitender Ausschuß der GdM
Otto Nicolai,Friedrich Wilhelm IV.,Wien,1843-07-02,"Rettinghaus, Klaus, 2014. Studien zum geistlichen Werk Otto Nicolais. Berlin. ISBN 978-3-7375-1116-2",,10,,"D-Bga I. HA Rep. 89, Nr. 20955",,118587684,http://www.geonames.org/2761369,118535994,
Otto Nicolai,Carl Nicolai,Wien,1843-07-16,"Altmann, Wilhelm, Hrsg., 1924. Otto Nicolai: Briefe an seinen Vater. Regensburg, G. Bosse.",310–311,55,,"D-B Mus.ep. Nicolai, O. 88",DE-611-HS-2639662,118587684,http://www.geonames.org/2761369,138233438,
Otto Nicolai,Friedrich Wilhelm IV.,Wien,1843-08-21,"Rettinghaus, Klaus, 2014. Studien zum geistlichen Werk Otto Nicolais. Berlin. ISBN 978-3-7375-1116-2",,11,,"D-Bga I. HA Rep. 89, Nr. 20955",,118587684,http://www.geonames.org/2761369,118535994,
Otto Nicolai,Carl Nicolai,Wien,1843-08-31,"Altmann, Wilhelm, Hrsg., 1924. Otto Nicolai: Briefe an seinen Vater. Regensburg, G. Bosse.",311–314,56,,"D-B Mus.ep. Nicolai, O. 89",DE-611-HS-2639664,118587684,http://www.geonames.org/2761369,138233438,
Otto Nicolai,Aloys Fuchs,Wien,1843-09-13,,,,,"D-B Mus.ep. Nicolai, O. 90",DE-611-HS-2639666,118587684,http://www.geonames.org/2761369,118693948,Alois von Fuchs; erwähnt Bericht an Minister Eichhorn; erworben 1986
Otto Nicolai,August Schmidt,Wien,1843-09-15,,,,,A-Wst H.I.N.-7947,,118587684,http://www.geonames.org/2761369,117501816,
Otto Nicolai,Carl Nicolai,Wien,1843-10-08,"Altmann, Wilhelm, Hrsg., 1924. Otto Nicolai: Briefe an seinen Vater. Regensburg, G. Bosse.",314–315,57,,"D-B Mus.ep. Nicolai, O. 91",DE-611-HS-2639667,118587684,http://www.geonames.org/2761369,138233438,
Otto Nicolai,Carl Nicolai,Wien,1843-10-17,"Altmann, Wilhelm, Hrsg., 1924. Otto Nicolai: Briefe an seinen Vater. Regensburg, G. Bosse.",315–317,58,,"D-B Mus.ep. Nicolai, O. 92",DE-611-HS-2639669,118587684,http://www.geonames.org/2761369,138233438,
Otto Nicolai,k. k. Oberstkämmereramt,Wien,1843-10-23,,,,,A-Wph,,118587684,http://www.geonames.org/2761369,16256739-X,"(Schreiber, autogr. Unterschrift)"
Otto Nicolai,Aloys Fuchs,Wien,1843-11-02,,,,,"D-B Mus.ep. Nicolai, O. 93",DE-611-HS-2639671,118587684,http://www.geonames.org/2761369,118693948,Alois v Fuchs; erworben 1986
Otto Nicolai,Joseph Fischhof,[Wien],1843-11-06,,,,,A-Wst H.I.N.-4266,,118587684,http://www.geonames.org/2761369,116584645,Billett
Otto Nicolai,Georg Hellmesberger,Wien,1843-11-14,,,,,A-Wph,,118587684,http://www.geonames.org/2761369,104311665,
Otto Nicolai,Komitee-Mitgl. d. Orchester Personals im Hofoperntheater,Wien,1843-11-14,"Jerger, Wilhelm, Hrsg., 1942. Briefe an die Wiener Philharmoniker. Wien, Wiener Verlagsgesellschaft.",12-15,,,A-Wph,,118587684,http://www.geonames.org/2761369,,Faksimile: Jerger S. 13
Otto Nicolai,Georg Hellmesberger,Wien,1843-11-15,,,,,A-Wph,,118587684,http://www.geonames.org/2761369,104311665,
Otto Nicolai,Komitee-Mitgl. d. Orchester Personals im Hofoperntheater,Wien,1843-11-15,"Jerger, Wilhelm, Hrsg., 1942. Briefe an die Wiener Philharmoniker. Wien, Wiener Verlagsgesellschaft.",15f,,,A-Wph,,118587684,http://www.geonames.org/2761369,,
Otto Nicolai,Franz Ignaz von Holbein,[Wien],1843-11-26,,,,,A-Wst H.I.N.-136761,,118587684,http://www.geonames.org/2761369,100844901,
Otto Nicolai,August Schmidt,Wien,1843-12-01,,,,"Nebehay 25 (1967), S. 63; Stargardt 694 (2010), S. 305",?,,118587684,http://www.geonames.org/2761369,117501816,
Otto Nicolai,k. k. Oberstkämmereramt,Wien,1844-01-09,,,,,A-Wph,,118587684,http://www.geonames.org/2761369,16256739-X,Kopie A-Wst H.I.N.-4673
Otto Nicolai,August Schmidt,[Wien],1844-01-23,,,,,A-Wst H.I.N.-4479,,118587684,http://www.geonames.org/2761369,117501816,Billett
Otto Nicolai,[August Schmidt],Wien,1844-02-03,,,,"Gilhofer 21 (1906), S. 17; Stargardt 677 (2003), S. 396",?,,118587684,http://www.geonames.org/2761369,117501816,"„Lieber Freund / Ich rechne darauf u bitte Sie darum, das Sie selbst über meine Oper schreiben werden …“"
Otto Nicolai,August Heinrich Hoffmann von Fallersleben,Wien,1844-02-07,,,,,D-B (Hs) NL H. v. Fallersleben,,118587684,http://www.geonames.org/2761369,118552589,Handschriften-Abteilung (im Katalog 7.7.1844)
Otto Nicolai,[Carl Nicolai],Wien,1844-02-07,"Altmann, Wilhelm, Hrsg., 1924. Otto Nicolai: Briefe an seinen Vater. Regensburg, G. Bosse.",317–318,59,,"D-B Mus.ep. Nicolai, O. 94",DE-611-HS-2639675,118587684,http://www.geonames.org/2761369,138233438,
Otto Nicolai,Joseph Fischhof,[Wien],1844-02-08,,,,,A-Wst H.I.N.-4267,,118587684,http://www.geonames.org/2761369,116584645,Billett
Otto Nicolai,[Carl Nicolai],Wien,1844-02-10,"Altmann, Wilhelm, Hrsg., 1924. Otto Nicolai: Briefe an seinen Vater. Regensburg, G. Bosse.",319–320,60,,"D-B Mus.ep. Nicolai, O. 95",DE-611-HS-2639677,118587684,http://www.geonames.org/2761369,138233438,
Otto Nicolai,Robert Schumann,Wien,1844-02-14,,,,,PL-Kj,,118587684,http://www.geonames.org/2761369,118611666,Schumann Briefverzeichnis Nr. 2858
Otto Nicolai,Aloys Fuchs,[Wien],1844-02-24,,,,,"D-B Mus.ep. Nicolai, O. 96",DE-611-HS-2639725,118587684,http://www.geonames.org/2761369,118693948,erworben 1986
Otto Nicolai,Aloys Fuchs,Wien,1844-03-05,,,,"Gilhofer 21 (1906), S. 17",A-Wst H.I.N.-136762,,118587684,http://www.geonames.org/2761369,118693948,
Otto Nicolai,Aloys Fuchs,Wien,1844-03-13,,,,,"D-B Mus.ep. Nicolai, O. 97",DE-611-HS-2639726,118587684,http://www.geonames.org/2761369,118693948,erworben 1986
Otto Nicolai,Georg Hellmesberger,Wien,1844-03-13,"Jerger, Wilhelm, Hrsg., 1942. Briefe an die Wiener Philharmoniker. Wien, Wiener Verlagsgesellschaft.",16,,,A-Wph,,118587684,http://www.geonames.org/2761369,104311665,
Otto Nicolai,Georg Hellmesberger,Wien,1844-03-14,"Jerger, Wilhelm, Hrsg., 1942. Briefe an die Wiener Philharmoniker. Wien, Wiener Verlagsgesellschaft.",16ff,,,A-Wph,,118587684,http://www.geonames.org/2761369,104311665,Faksimile: Jerger S. 17
Otto Nicolai,Georg Hellmesberger,Wien,1844-03-15,,,,,"D-B Mus.ep. Nicolai, O. 98",DE-611-HS-2639729,118587684,http://www.geonames.org/2761369,104311665,Fragt nach „Concert-Acten“ wegen einer Audienz „Seiner K: K: Hoheit dem Herrn Erzherzog Franz Carl“
Otto Nicolai,Georg Hellmesberger,Wien,1844-03-15,"Jerger, Wilhelm, Hrsg., 1942. Briefe an die Wiener Philharmoniker. Wien, Wiener Verlagsgesellschaft.",18,,,A-Wph,,118587684,http://www.geonames.org/2761369,104311665,
Otto Nicolai,Georg Hellmesberger,Wien,1844-03-18,"Jerger, Wilhelm, Hrsg., 1942. Briefe an die Wiener Philharmoniker. Wien, Wiener Verlagsgesellschaft.",19,,,A-Wph,,118587684,http://www.geonames.org/2761369,104311665,
Otto Nicolai,Carl Nicolai,Wien,1844-04-12,"Altmann, Wilhelm, Hrsg., 1924. Otto Nicolai: Briefe an seinen Vater. Regensburg, G. Bosse.",320–322,61,,"D-B Mus.ep. Nicolai, O. 99",DE-611-HS-2639732,118587684,http://www.geonames.org/2761369,138233438,"Carl Nicolai, Neue Grünstraße Nr. 16, Berlin"
Otto Nicolai,Joseph Fischhof,[Wien],1844-04-18,,,,,A-Wst H.I.N.-4268,,118587684,http://www.geonames.org/2761369,116584645,Billett
Otto Nicolai,Franz Hauser,Wien,1844-07-04,,,,,"D-DS Br./Nicolai,O.2",,118587684,http://www.geonames.org/2761369,11928930X,
Otto Nicolai,Adolf Bäuerle,Wien,1844-07-05,,,,,A-Wgm,,118587684,http://www.geonames.org/2761369,119560038,Abschrift D-DT
Otto Nicolai,Pietro Mechetti,Wien,1844-07-05,,,,"Liepmannssohn (1907); Boerner 104 (1911), S. 202; Henrici 10 (1912), S. 17; Henrici/Liepmannssohn [Heyer III] (1927), S. 49",S-Smf 5686,,118587684,http://www.geonames.org/2761369,11697673X,Sammlung Heyer; „gestern … erhielt ich von d. Könige von Preussen die Insignien des Rothen Adler-Ordens …“ (zit. n. Liepmannssohn 1907)
Otto Nicolai,Joseph von Winter jun.,Wien,1844-07-05,,,,"Henrici/Liepmannssohn [Heyer III] (1927), S. 49",S-Smf 2833,,118587684,http://www.geonames.org/2761369,,"Sammlung Heyer, Nydahl"
Otto Nicolai,Carl Friedrich Rungenhagen,Dresden,1844-07-09,,,,,D-Bsa N.Mus. SA 482,,118587684,http://www.geonames.org/2935022,116707801,
Otto Nicolai,Carl Friedrich Rungenhagen,Berlin,1844-07-14,"Rettinghaus, Klaus, 2014. Studien zum geistlichen Werk Otto Nicolais. Berlin. ISBN 978-3-7375-1116-2",,12,,D-Bsa N.Mus. SA 487,,118587684,http://www.geonames.org/2950159,116707801,Anmerkungen zum Pater noster
Otto Nicolai,Friedrich Wilhelm IV.,Berlin,1844-07-15,"Rettinghaus, Klaus, 2014. Studien zum geistlichen Werk Otto Nicolais. Berlin. ISBN 978-3-7375-1116-2",,13,,"D-Bga I. HA Rep. 89, Nr. 20955",,118587684,http://www.geonames.org/2950159,118535994,
Otto Nicolai,Carl Friedrich Rungenhagen,Berlin,1844-07-19,,,,,D-Bsa N.Mus. SA 483,,118587684,http://www.geonames.org/2950159,116707801,
Otto Nicolai,Carl Nicolai,Berlin,1844-07-21,"Altmann, Wilhelm, Hrsg., 1924. Otto Nicolai: Briefe an seinen Vater. Regensburg, G. Bosse.",323–325,62,,"D-B Mus.ep. Nicolai, O. 100",DE-611-HS-2639734,118587684,http://www.geonames.org/2950159,138233438,"Carl Nicolai, Groß-Schönwalde bei Garnsee [sic!]; Briefpapier des Hotels (St. Petersburg Hôtel, Linden 31)"
Otto Nicolai,Friedrich Hofmeister,Wien,1844-09-12,,,,,"D-LEsta 21072 Nr. 11, 1",,118587684,http://www.geonames.org/2761369,116952431,Brief zur Kirchlichen Festouvertüre
Otto Nicolai,Redaktion der AWMZ,[Wien],1844-09-18~,,,,,?,,118587684,http://www.geonames.org/2761369,,"Brief in AWMZ vom 19.9.1844 teilweise abgedruckt, aber nicht in Ausgabe vom 17.9.1844, "
Otto Nicolai,August Schmidt,Wien,1844-09-23,,,,"Stargardt 301 (1930), S. 16",?,,118587684,http://www.geonames.org/2761369,117501816,
Otto Nicolai,August Schmidt,Wien,1844-09-27,,,,,A-Wst H.I.N.-4480,,118587684,http://www.geonames.org/2761369,117501816,bei Konrad 22.09.1844
Otto Nicolai,Friedrich Wilhelm IV.,Wien,1844-09-30,"Rettinghaus, Klaus, 2014. Studien zum geistlichen Werk Otto Nicolais. Berlin. ISBN 978-3-7375-1116-2",,14,,"D-Bga I. HA Rep. 89, Nr. 20955",,118587684,http://www.geonames.org/2761369,118535994,
Otto Nicolai,Friedrich Egon Landgraf von Fürstenberg,Wien,1844-10-09,,,,,A-Wtm,,118587684,http://www.geonames.org/2761369,1042070547,
Otto Nicolai,[Franz Ignaz von Holbein],Wien,1844-10-12,,,,,A-Wtm,,118587684,http://www.geonames.org/2761369,100844901,
Otto Nicolai,Carl Nicolai,Wien,1844-10-15,,,,"Stargardt [Alexander Meyer Cohn] (1906), S. 279",A-Wst H.I.N.-1345,,118587684,http://www.geonames.org/2761369,138233438,
Otto Nicolai,Aloys Fuchs,Wien,1844-10-29,,,,"Henrici 80 (1922), S. 64",?,,118587684,http://www.geonames.org/2761369,118693948,
Otto Nicolai,Verlag Schott,Wien,1844-10-31,,,,,D-MZsch,,118587684,http://www.geonames.org/2761369,2032848-5,
Otto Nicolai,Graf Wilhelm von Redern,Wien,1844-11-03,"Kapp, Julius, 1937. Geschichte der Staatsoper Berlin. Berlin, M. Hesse.",62f,,,?,,118587684,http://www.geonames.org/2761369,116374594,"befand sich: Reponierte Akten der Registratur der Königl. Schauspiele zu Berlin, fasc. 511; Kapp, Julius, 1937. Geschichte der Staatsoper Berlin. Berlin, M. Hesse., S. 62. "
Otto Nicolai,[Redaktion der AWMZ],Wien,1844-11-23,,,,"Stargardt 301 (1930), S. 16",?,,118587684,http://www.geonames.org/2761369,,
Otto Nicolai,Carl Nicolai,Wien,1844-12-22,"Altmann, Wilhelm, Hrsg., 1924. Otto Nicolai: Briefe an seinen Vater. Regensburg, G. Bosse.",325–327,63,,"D-B Mus.ep. Nicolai, O. 101",DE-611-HS-2639736,118587684,http://www.geonames.org/2761369,138233438,
Otto Nicolai,Verlag Schott,Wien,1844-12-29,,,,,D-MZsch,,118587684,http://www.geonames.org/2761369,2032848-5,
Otto Nicolai,August Schmidt,Wien,1845-01-06,,,,"Stargardt 577 (1966), S. 172",?,,118587684,http://www.geonames.org/2761369,117501816,
Otto Nicolai,Wiener Männergesang-Verein,Wien,1845-01-07,Die Musik 35 (1910),365f,,,?,,118587684,http://www.geonames.org/2761369,3021916-4,
Otto Nicolai,August Schmidt,Wien,1845-01-13,,,,,US-NYp,,118587684,http://www.geonames.org/2761369,117501816,
Otto Nicolai,Carl August Challier,Wien,1845-01-18,"Rettinghaus, Klaus, 2014. Studien zum geistlichen Werk Otto Nicolais. Berlin. ISBN 978-3-7375-1116-2",,15,"Henrici/Liepmannssohn [Heyer I] (1926), S. 76","D-B Mus.ep. Nicolai, O. 102",DE-611-HS-2639739,118587684,http://www.geonames.org/2761369,116481706,"erworben 1926; „beantwortet d 23/1 45“; betrifft Nicolais Werke, die Challier von Hellmuth übernommen zu haben scheint"
Otto Nicolai,Friedrich Hofmeister,Wien,1845-01-20,,,,,"D-LEsta 21072 Nr. 11, 2",,118587684,http://www.geonames.org/2761369,116952431,Nachfrage bezüglich Drucktermin von opp. 31 & 32. Adresse: Nicolai-Gasse Nr. 837
Otto Nicolai,Giacomo Meyerbeer,Wien,1845-01-22,,,,,D-Bim K/73,,118587684,http://www.geonames.org/2761369,118581945,
Otto Nicolai,Joseph Fischhof,Wien,1845-01-29,,,,,A-Wst H.I.N.-4269,,118587684,http://www.geonames.org/2761369,116584645,Billett
Otto Nicolai,Graf Wilhelm von Redern,Wien,1845-01-31,"Rettinghaus, Klaus, 2014. Studien zum geistlichen Werk Otto Nicolais. Berlin. ISBN 978-3-7375-1116-2",,16,,?,,118587684,http://www.geonames.org/2761369,116374594,"befand sich: Reponierte Akten der Registratur der Königl. Schauspiele zu Berlin, fasc. 511, erwähnt in NZfM 70 (1903), S. 572.; Kapp, Julius, 1937. Geschichte der Staatsoper Berlin. Berlin, M. Hesse., S. 64."
Otto Nicolai,August Schmidt,[Wien],1845-02-07,,,,,A-Wst H.I.N.-4481,,118587684,http://www.geonames.org/2761369,117501816,
Otto Nicolai,Aloys Fuchs,Wien,1845-02-10,,,,,"D-B Mus.ep. Nicolai, O. 103",DE-611-HS-2639993,118587684,http://www.geonames.org/2761369,118693948,
Otto Nicolai,Joseph Fischhof,Wien,1845-02-10,,,,,A-Wst H.I.N.-4270,,118587684,http://www.geonames.org/2761369,116584645,Billett
Otto Nicolai,Ludwig August Frankl,Wien,1845-03-17,,,,"Lengfeld 42 (1932), S. 80; Stargardt 572 (1965), S. 124",S-Smf 2831,,118587684,http://www.geonames.org/2761369,116718234,
Otto Nicolai,Carl Nicolai,Wien,1845-03-19,"Altmann, Wilhelm, Hrsg., 1924. Otto Nicolai: Briefe an seinen Vater. Regensburg, G. Bosse.",328–335,64,,"D-B Mus.ep. Nicolai, O. 104",DE-611-HS-2639995,118587684,http://www.geonames.org/2761369,138233438,
Otto Nicolai,Joseph Fischhof,Wien,1845-03-21,,,,,A-Wst H.I.N.-4271,,118587684,http://www.geonames.org/2761369,116584645,Billett
Otto Nicolai,Friedrich Hofmeister,Wien,1845-04-04,"Rettinghaus, Klaus, 2014. Studien zum geistlichen Werk Otto Nicolais. Berlin. ISBN 978-3-7375-1116-2",,17,,"D-LEsta 21072 Nr. 11, 3",,118587684,http://www.geonames.org/2761369,116952431,Brief mit den „corrigirten Stimmen der Kirchlichen Fest=Ouverture“
Otto Nicolai,Aloys Fuchs,Wien,1845-04-05,,,,,"D-B Mus.ep. Nicolai, O. 105",DE-611-HS-2639997,118587684,http://www.geonames.org/2761369,118693948,
Otto Nicolai,Graf Wilhelm von Redern,Wien,1845-05-09,"Rettinghaus, Klaus, 2014. Studien zum geistlichen Werk Otto Nicolais. Berlin. ISBN 978-3-7375-1116-2",,18,,?,,118587684,http://www.geonames.org/2761369,116374594,"Kapp, Julius, 1937. Geschichte der Staatsoper Berlin. Berlin, M. Hesse., S. 64"
Otto Nicolai,[Carl Nicolai],Wien,1845-06-01,"Altmann, Wilhelm, Hrsg., 1924. Otto Nicolai: Briefe an seinen Vater. Regensburg, G. Bosse.",336–338,65,,"D-B Mus.ep. Nicolai, O. 106",DE-611-HS-2640001,118587684,http://www.geonames.org/2761369,138233438,
Otto Nicolai,Friedrich Hofmeister,Wien,1845-06-18,,,,"Henrici 39 (1917), S. 65","D-B Mus.ep. Nicolai, O. 107",DE-611-HS-2640003,118587684,http://www.geonames.org/2761369,116952431,Bittet um Material seiner Ouvertüre für den Magistrat von Königsberg
Otto Nicolai,Friedrich Hofmeister,Wien,1845-06-20,,,,(2017 bei Kotte),?,,118587684,http://www.geonames.org/2761369,116952431,
Otto Nicolai,Friedrich Hofmeister,Wien,1845-08-02,,,,,"D-LEsta 21072 Nr. 11, 4",,118587684,http://www.geonames.org/2761369,116952431,"Nicolai bedauert die Veröffentlichung der Ouverture zu 4 Händen, wegen der „stehengebliebenen Fehler“ und bietet Hofmeister gegen Honorar sein „Rondo capriccioso in F-dur für Pf.“ an. "
Otto Nicolai,,[Wien],1845-08-15,,,,,A-Wst H.I.N.-136760,,118587684,http://www.geonames.org/2761369,,Quittung
Otto Nicolai,August Schmidt,Wien,1845-09-19,,,,,A-Wst H.I.N.-4482,,118587684,http://www.geonames.org/2761369,117501816,
Otto Nicolai,,Wien,1845-11-27,,,,,US-NYp,,118587684,http://www.geonames.org/2761369,,
Otto Nicolai,Jacob Hoffmeister,Wien,1845-12-16,,,,,D-Hs 15,DE-611-HS-769414,118587684,http://www.geonames.org/2761369,116942924,
Otto Nicolai,Carl Nicolai,Wien,1845-12-25,"Kruse, Georg Richard, 1911. Ein ungedruckter Brief Otto Nicolais. In: Vossische Zeitung.",,,,A-Wst,,118587684,http://www.geonames.org/2761369,138233438,"laut OPAC 1.12.1845, Poststempel vom 25.12."
Otto Nicolai,[Redakteur],Wien,1846-01-11,,,,"Stargardt 301 (1930), S. 16; Stargardt 399 (1938), S. 31",?,,118587684,http://www.geonames.org/2761369,,
Otto Nicolai,Joseph Fischhof,Wien,1846-01-20,,,,,A-Wst H.I.N.-4272,,118587684,http://www.geonames.org/2761369,116584645,Billett
Otto Nicolai,Carl Nicolai,Wien,1846-01-22,"Altmann, Wilhelm, Hrsg., 1937. Otto Nicolais Tagebücher. Regensburg, G. Bosse.",322,,,CH-Bu,,118587684,http://www.geonames.org/2761369,138233438,
Otto Nicolai,[Regierungsrat],Wien,1846-01-28,,,,"Stargardt 580 (1967), S. 164",D-B N.Mus.ep. 351,,118587684,http://www.geonames.org/2761369,,Entschuldigt sich für das Ausbleiben bei der Feier am vorherigen Tage
Otto Nicolai,Joseph Fischhof,[Wien],1846-01-31,,,,,A-Wst H.I.N.-4273,,118587684,http://www.geonames.org/2761369,116584645,Billett
Otto Nicolai,Carl Nicolai,Wien,1846-02-16,"Altmann, Wilhelm, Hrsg., 1924. Otto Nicolai: Briefe an seinen Vater. Regensburg, G. Bosse.",338–341,66,,"D-B Mus.ep. Nicolai, O. 108",DE-611-HS-2640007,118587684,http://www.geonames.org/2761369,138233438,
Otto Nicolai,Aloys Fuchs,Wien,1846-02-20,,,,,"D-B Mus.ep. Nicolai, O. 139",DE-611-HS-2640009,118587684,http://www.geonames.org/2761369,118693948,
Otto Nicolai,Franz Glöggl,Wien,1846-03-13,,,,"Gilhofer 62 (1934), S. 65",?,,118587684,http://www.geonames.org/2761369,116666366,Sammlung Franz Trau; empfiehlt die Sängerin Anna Kunz
Otto Nicolai,Heinrich Eduard Josef von Lannoy,Wien,1846-03-22,,,,"Stargardt 599 (1972), S. 178",?,,118587684,http://www.geonames.org/2761369,118569600,
Otto Nicolai,Carl Nicolai,Wien,1846-04-12,"Altmann, Wilhelm, Hrsg., 1924. Otto Nicolai: Briefe an seinen Vater. Regensburg, G. Bosse.",341–344,67,,"D-B Mus.ep. Nicolai, O. 109",DE-611-HS-2640012,118587684,http://www.geonames.org/2761369,138233438,
Otto Nicolai,Joseph Fischhof,[Wien],1846-04-16,,,,,A-Wst H.I.N.-4274,,118587684,http://www.geonames.org/2761369,116584645,Billett
Otto Nicolai,Aloys Fuchs,Wien,1846-04-20,,,,,"D-B Mus.ep. Nicolai, O. 110",DE-611-HS-1867968,118587684,http://www.geonames.org/2761369,118693948,"Teilautographer Brief; Dankschreiben vom „Comité der philharmonischen Concerte“: Nicolai, Hellmesberger, Fritz"
Otto Nicolai,Carl Nicolai,Wien,1846-04-26,"Altmann, Wilhelm, 1930. Ein bisher unbekannter Brief Otto Nicolais an seinen Vater. In: Musikwelt. 8/9, S. 390–391.",,,"Henrici 120 (1927), S. 110","D-B Mus.ep. Nicolai, O. 111",DE-611-HS-2640170,118587684,http://www.geonames.org/2761369,138233438,
Otto Nicolai,Georg Winter,Wien,1846-04-30,,,,,US-NYp,,118587684,http://www.geonames.org/2761369,,
Otto Nicolai,August Schmidt,Wien,1846-05-16,,,,,A-Wph,,118587684,http://www.geonames.org/2761369,117501816,
Otto Nicolai,Wilhelm Taubert,Wien,1846-05-18,,,,"Fraenkel 34 (1923), S. 11; (2017 bei Kotte)",,,118587684,http://www.geonames.org/2761369,11723589X,Einladung
Otto Nicolai,Friedrich Wilhelm IV.,Wien,1846-05-27,"Rettinghaus, Klaus, 2014. Studien zum geistlichen Werk Otto Nicolais. Berlin. ISBN 978-3-7375-1116-2",,21,,"D-Bga I. HA Rep. 89, Nr. 20955",,118587684,http://www.geonames.org/2761369,118535994,
Otto Nicolai,Graf Wilhelm von Redern,Wien,1846-05-27,"Rettinghaus, Klaus, 2014. Studien zum geistlichen Werk Otto Nicolais. Berlin. ISBN 978-3-7375-1116-2",,20,,?,,118587684,http://www.geonames.org/2761369,116374594,"Kapp, Julius, 1937. Geschichte der Staatsoper Berlin. Berlin, M. Hesse., S. 64"
Otto Nicolai,[Carl Nicolai],Wien,1846-05-30,"Altmann, Wilhelm, Hrsg., 1924. Otto Nicolai: Briefe an seinen Vater. Regensburg, G. Bosse.",344–347,68,,"D-B Mus.ep. Nicolai, O. 112",DE-611-HS-2640172,118587684,http://www.geonames.org/2761369,138233438,
Otto Nicolai,Jacob Hoffmeister,Wien,1846-06-03,"Kruse, Georg Richard, 1922. Die Entstehung des „Lustigen Weiber“-Textes. In: Rheinische Thalia. S. 785–793. ",,,,D-Hs 15,DE-611-HS-769413,118587684,http://www.geonames.org/2761369,116942924,
Otto Nicolai,August Schmidt,Wien,1846-06-16,,,,,A-Wst H.I.N.-4483,,118587684,http://www.geonames.org/2761369,117501816,
Otto Nicolai,[Pietro Mechetti],Wien,1846-06-29,,,,,D-Hs 15,DE-611-HS-769410,118587684,http://www.geonames.org/2761369,11697673X,
Otto Nicolai,[Carl Nicolai],Wien,1846-07-16,"Altmann, Wilhelm, Hrsg., 1924. Otto Nicolai: Briefe an seinen Vater. Regensburg, G. Bosse.",347–351,69,,"D-B Mus.ep. Nicolai, O. 113",DE-611-HS-2640173,118587684,http://www.geonames.org/2761369,138233438,
Otto Nicolai,Friedrich Wilhelm IV.,Wien,1846-07-25,"Rettinghaus, Klaus, 2014. Studien zum geistlichen Werk Otto Nicolais. Berlin. ISBN 978-3-7375-1116-2",,22,,"D-Bga I. HA Rep. 89, Nr. 20955",,118587684,http://www.geonames.org/2761369,118535994,
Otto Nicolai,Alfred Julius Becher,Wien,1846-08-11,,,,,A-LIa,,118587684,http://www.geonames.org/2761369,118654268,
Otto Nicolai,Carl Nicolai,Wien,1846-09-26,"Altmann, Wilhelm, Hrsg., 1924. Otto Nicolai: Briefe an seinen Vater. Regensburg, G. Bosse.",352–354,70,,"D-B Mus.ep. Nicolai, O. 114",DE-611-HS-2640175,118587684,http://www.geonames.org/2761369,138233438,Vermerk von C. Nicolai: Am 3. Octobr 46 empfangen / Am 4. Octobr 46 beantwortet.
Otto Nicolai,Giacomo Meyerbeer,Wien,1846-10-16,,,,,D-Bim K/74,,118587684,http://www.geonames.org/2761369,118581945,
Otto Nicolai,Carl Nicolai,Wien,1846-10-23,"Altmann, Wilhelm, Hrsg., 1924. Otto Nicolai: Briefe an seinen Vater. Regensburg, G. Bosse.",354–356,71,,"D-B Mus.ep. Nicolai, O. 115",DE-611-HS-2640177,118587684,http://www.geonames.org/2761369,138233438,
Otto Nicolai,Carl Nicolai,Wien,1846-10-29,,,,"Stargardt [Alexander Meyer Cohn] (1906), S. 279",F-Pn,,118587684,http://www.geonames.org/2761369,138233438,
Otto Nicolai,[Carl Nicolai],Wien,1846-11-08,"Altmann, Wilhelm, Hrsg., 1924. Otto Nicolai: Briefe an seinen Vater. Regensburg, G. Bosse.",356–362,72,,"D-B Mus.ep. Nicolai, O. 116",DE-611-HS-2640181,118587684,http://www.geonames.org/2761369,138233438,
Otto Nicolai,Joseph Fischhof,[Wien],1846-11-19,,,,,A-Wst H.I.N.-4275,,118587684,http://www.geonames.org/2761369,116584645,„Ich bitte dich mir gütigst bis zum 1t. Decbr.“
Otto Nicolai,Carl Nicolai,Wien,1846-11-21,"Altmann, Wilhelm, Hrsg., 1924. Otto Nicolai: Briefe an seinen Vater. Regensburg, G. Bosse.",362–366,73,,"D-B Mus.ep. Nicolai, O. 117",DE-611-HS-2640185,118587684,http://www.geonames.org/2761369,138233438,
Otto Nicolai,Aloys Fuchs,Wien,1846-12-10,,,,,"D-B Mus.ep. Nicolai, O. 118",DE-611-HS-2640193,118587684,http://www.geonames.org/2761369,118693948,Liste zurückgegebener Musikalien
Otto Nicolai,Franz Glöggl,Wien,1846-12-14,,,,"Liepmannssohn 39 (1911), S. 106",?,,118587684,http://www.geonames.org/2761369,116666366,
Otto Nicolai,August Schmidt,Wien,1846-12-21,"Orel, Alfred, 1925. Wiener Musikerbriefe aus zwei Jahrhunderten. Wien, A. Hartleben.",54–56,19,,A-Wst H.I.N.-4484,,118587684,http://www.geonames.org/2761369,117501816,
Otto Nicolai,Carl Nicolai,Wien,1846-12-30,,,,"Stargardt 513 (1954), S. 112",S-Smf 5687,,118587684,http://www.geonames.org/2761369,138233438,
Otto Nicolai,Franz Erkel,Wien,1847-01-10,,,,,H-Bn,,118587684,http://www.geonames.org/2761369,118530801,
Otto Nicolai,von Grohofski,[Wien],1847-01-15,,,,,"D-B Mus.ep. Nicolai, O. 119",DE-611-HS-2640202,118587684,http://www.geonames.org/2761369,,Adresse: Leopoldstadt Schiffamtgasse 695
Otto Nicolai,F. M. von Luik?,Wien,1847-02-06,,,,"Stargardt 700 (2014), S. 382",?,,118587684,http://www.geonames.org/2761369,,
Otto Nicolai,Joseph Fischhof,[Wien],1847-02-08,,,,"Stargardt 618 (1979), S. 257",D-B N.Mus.ep. 2192,,118587684,http://www.geonames.org/2761369,116584645,"Professor Jos. v. Fischhof, schickt ihm eine Etude (Capriccio in f)"
Otto Nicolai,[Karl Doppler],[Wien],1847-02-09,,,,"Stargardt 573 (1965), S. 54; Nebehay 25 (1967), S. 63",?,,118587684,http://www.geonames.org/2761369,116180110,
Otto Nicolai,Friedrich Klemm,Wien,1847-02-15,,,,,A-Wn Autogr. 48/38-3,,118587684,http://www.geonames.org/2761369,1013591364,Abschrift in: D-B La Mara: Convolut 11
Otto Nicolai,Aloys Fuchs,Wien,1847-02-21,,,,,"D-B Mus.ep. Nicolai, O. 120",DE-611-HS-2640206,118587684,http://www.geonames.org/2761369,118693948,„Alois von Fuchs“
Otto Nicolai,,[Wien],1847-02-22,,,,"Börner 92 (1908), S. 24",?,,118587684,http://www.geonames.org/2761369,,
Otto Nicolai,Franz Glöggl,Wien,1847-03-02,,,,"Stargardt 394 (1937), S. 19",?,,118587684,http://www.geonames.org/2761369,116666366,
Otto Nicolai,Aloys Fuchs,[Wien],1847-03-03,,,,,"D-B Mus.ep. Nicolai, O. 121",DE-611-HS-2640209,118587684,http://www.geonames.org/2761369,118693948,„Alois von Fuchs“
Otto Nicolai,[Giacomo Meyerbeer],Wien,1847-03-04,,,,,"D-B Mus.ep. Nicolai, O. 122",DE-611-HS-2640213,118587684,http://www.geonames.org/2761369,118581945,
Otto Nicolai,Franz Glöggl,Wien,1847-03-09,,,,"Liepmannssohn 39 (1911), S. 106",?,,118587684,http://www.geonames.org/2761369,116666366,
Otto Nicolai,[August Schmidt],Wien,1847-03-11,,,,,A-Wst H.I.N.-4485,,118587684,http://www.geonames.org/2761369,117501816,
Otto Nicolai,,Wien,1847-03-17,,,,"Henrici 83 (1923), S. 64;  Poseck 1 (1927), S. 111; Liepmannssohn 64 (1934), S.160; (2017 bei Kotte)",?,,118587684,http://www.geonames.org/2761369,,
Otto Nicolai,Johann Baptist Streicher,Wien,1847-03-23,,,,,A-Wn Autogr. 126/72-4,,118587684,http://www.geonames.org/2761369,117317179,
Otto Nicolai,Aloys Fuchs,Wien,1847-03-29,,,,,"D-B Mus.ep. Nicolai, O. 124",DE-611-HS-2641186,118587684,http://www.geonames.org/2761369,118693948,Alois von Fuchs
Otto Nicolai,Gesellschaft der Musikfreunde des Österreichischen Kaiserstaates,Wien,1847-03-29,,,,,"D-B Mus.ep. Nicolai, O. 125",DE-611-HS-2641187,118587684,http://www.geonames.org/2761369,5541564-7,Archiv der Gesellschaft der Musikfreunde zu Händen des Herrn Alois von Fuchs (Musikalien-Liste)
Otto Nicolai,Carl Nicolai,Wien,1847-03-29,"Altmann, Wilhelm, Hrsg., 1924. Otto Nicolai: Briefe an seinen Vater. Regensburg, G. Bosse.",366–368,74,,"D-B Mus.ep. Nicolai, O. 123",DE-611-HS-2641185,118587684,http://www.geonames.org/2761369,138233438,
Otto Nicolai,Joseph Fischhof,[Wien],1847-04-09,,,,,A-Wst H.I.N.-4276,,118587684,http://www.geonames.org/2761369,116584645,
Otto Nicolai,Johann Baptist Streicher,Wien,1847-04-30,,,,,A-Wn Autogr. 126/72-5,,118587684,http://www.geonames.org/2761369,117317179,keine Jahreszahl
Otto Nicolai,Tobias? Haslinger,Wien,1847-05-04,,,,Nebehay 43 (1971),?,,118587684,http://www.geonames.org/2761369,,identisch mit Brief 14.5.1847?
Otto Nicolai,Carl Haslinger,Wien,1847-05-14,,,,,A-Wst H.I.N.-227417,,118587684,http://www.geonames.org/2761369,116513772,Ankauf Hassfurther / ZPH 1158
Otto Nicolai,Aloys Fuchs,Wien,1847-05-20,,,,,"D-B Mus.ep. Nicolai, O. 126",DE-611-HS-2641188,118587684,http://www.geonames.org/2761369,118693948,Vermacht „diese Ouverture“ dem Archiv des Musikvereins
Otto Nicolai,Franz Edler von Hilleprandt,Bad Ischl,1847-05-30,"Spatzenegger, Hans, 1980. Als Wolfgang Amadeus Mozart-Sohn als Kapellmeister ans Mozarteum strebte. ",30,,,A-Sd,,118587684,http://www.geonames.org/2782052,140005439,
Otto Nicolai,Franz Edler von Hilleprandt,Salzburg,1847-06-16,"Spatzenegger, Hans, 1980. Als Wolfgang Amadeus Mozart-Sohn als Kapellmeister ans Mozarteum strebte. ",30,,,A-Sd,,118587684,http://www.geonames.org/2766824,140005439,
Otto Nicolai,Adolf Bäuerle,Baden,1847-07-23,,,,,A-Wgm,,118587684,http://www.geonames.org/2782067,119560038,Abschrift  D-DT
Otto Nicolai,Redaktion der AWMZ,Baden,1847-07-23,,,,,A-Wst H.I.N.-7949,,118587684,http://www.geonames.org/2782067,,
Otto Nicolai,Ludwig Mielichhofer,Gräfenberg,1847-09-10,,,,,A-Wgm,,118587684,http://www.geonames.org/3072267,117027685,Abschrift D-DT
Otto Nicolai,Friedrich Wilhelm IV.,Berlin,1847-10-10,,,,,?,,118587684,http://www.geonames.org/2950159,118535994,unbekannt (nachgewiesen in Tagebuch)
Otto Nicolai,[Carl Nicolai],Berlin,1847-10-26,"Altmann, Wilhelm, Hrsg., 1924. Otto Nicolai: Briefe an seinen Vater. Regensburg, G. Bosse.",368–372,75,,"D-B Mus.ep. Nicolai, O. 127",DE-611-HS-2641189,118587684,http://www.geonames.org/2950159,138233438,
Otto Nicolai,Theodor Kullak,Berlin,1847-11-14,,,,"Henrici 86 (1924), S. 120",?,,118587684,http://www.geonames.org/2950159,116607157,"„Ich habe Sie um die Güte bitten zu wollen, diese Symphonie einmal bei Gelegenheit gefälligst mit mir zu probiren.“"
Otto Nicolai,[Carl Nicolai],[Berlin],1847-11-21~,"Altmann, Wilhelm, Hrsg., 1924. Otto Nicolai: Briefe an seinen Vater. Regensburg, G. Bosse.",372–376,76,,"D-B Mus.ep. Nicolai, O. 128",DE-611-HS-2641190,118587684,http://www.geonames.org/2950159,138233438,o.O. u Datum; Poststempel auf Umschlag: 21/11
Otto Nicolai,[Graf Wilhelm von Redern],Berlin,1847-12-17,,,,"Henrici 83 (1923), S.64; Stargardt 700 (2014), S. 383",?,,118587684,http://www.geonames.org/2950159,116374594,"Er erklärt seine Bereitwilligkeit, die ihm nach dem Entschlusse des Königs zugewiesene Stellung als Kapellmeister bei der Königl. Oper und bei dem Dom-Chor in Berlin anzunehmen."
Otto Nicolai,Franz Pokorny,Berlin,1847-12-17?,,,,,?,,118587684,http://www.geonames.org/2950159,116261315,
Otto Nicolai,Joseph Staudigl,Berlin,1847-12-17,Signale für die musikalische Welt 50 (1892),1011,,,A-Wst H.I.N.-4622,,118587684,http://www.geonames.org/2950159,117223298,
Otto Nicolai,Carl Nicolai,Berlin,1847-12-21,"Altmann, Wilhelm, Hrsg., 1924. Otto Nicolai: Briefe an seinen Vater. Regensburg, G. Bosse.",376–378,77,,"D-B Mus.ep. Nicolai, O. 129",DE-611-HS-2641191,118587684,http://www.geonames.org/2950159,138233438,
Otto Nicolai,[Pauline von Stradiot (Mutter)],Berlin,1847-12-29,"Kruse, Georg Richard, 1907. Otto Nicolais Beziehungen zu den Bühnensängerinnen seiner Zeit. Neue Musikzeitung. 28, S. 493–495 u. 517–519.",518,,,?,,118587684,http://www.geonames.org/2950159,,"Faksimile: Kruse, Nicolai, nach  206; Brief ohne Adressat faksimiliert, Nicolai: Leipziger Straße No. 89"
Otto Nicolai,Heinrich Dorn,Berlin,1848-01-03,,,,"Stargardt [Zeune-Spitta] (1908), S. 105","D-B Mus.ep. Nicolai, O. 130",,118587684,http://www.geonames.org/2950159,116182776,Erworben 1986
Otto Nicolai,Pietro Mechetti,Berlin,1848-01-09,,,,,D-DT,DE-611-HS-2641194,118587684,http://www.geonames.org/2950159,11697673X,
Otto Nicolai,Carl Friedrich Rungenhagen,Berlin,1848-01-12,,,,,D-Bsa N.Mus. SA 484,,118587684,http://www.geonames.org/2950159,116707801,
Otto Nicolai,Schlesinger'sche Buchhandlung,Berlin,1848-01-15,,,,"Hans Schneider Tutzing 386 (2002), S. 76",?,,118587684,http://www.geonames.org/2950159,1073054446,Bzgl. Hof-Soiree am 16.1.1848 „Ich möchte Einiges für das bevorstehende Hof-Concert aussuchen …“
Otto Nicolai,,Berlin,1848-01-18,,,,,D-LEu Kurt-Taut-Slg.,,118587684,http://www.geonames.org/2950159,,Bzgl. Hof-Soiree am 16.1.1848
Otto Nicolai,Friedrich Hofmeister,Berlin,1848-01-23,,,,"Henrici 15 (1913), S. 57; Henrici 17 (1913), S. 23; Liepmannssohn 63 (1932), S.19; Stargardt 655,2 (1994), S. 58; Kotte 33 (2009), S. 212; Kotte 40 (2010), S. 255; (2017 bei Kotte)",?,,118587684,http://www.geonames.org/2950159,116952431,Bzgl. Aufführung der Sinfonie in Leipzig
Otto Nicolai,,[Berlin],1848-01-28,,,,"Stargardt 268 (1927), S. 60",S-Smf 2832,,118587684,http://www.geonames.org/2950159,,Rechnungslegung für Droschkenauslagen „behufs der Musikal. Academie bei Hofe am 27. I. 48“
Otto Nicolai,Heinrich Schlesinger,Berlin,1848-01-28,,,,,US-Wc,,118587684,http://www.geonames.org/2950159,117326097,
Otto Nicolai,[Carl Nicolai],Berlin,1848-02-05,"Altmann, Wilhelm, Hrsg., 1924. Otto Nicolai: Briefe an seinen Vater. Regensburg, G. Bosse.",378–379,78,,"D-B Mus.ep. Nicolai, O. 131",DE-611-HS-2641195,118587684,http://www.geonames.org/2950159,138233438,
Otto Nicolai,[Friedrich Hofmeister],Berlin,1848-02-16,,,,"Bassenge April 1977; Stargardt 683 (2006), S. 375",?,,118587684,http://www.geonames.org/2950159,116952431,
Otto Nicolai,Königliche Theaterbibliothek,Berlin,1848-02-27,,,,"Nebehay 25 (1967), S. 63;",?,,118587684,http://www.geonames.org/2950159,,"Bescheinigung, die Partitur zu „Iphigenie in Aulis“ erhalten zu haben"
Otto Nicolai,Wilhelm Taubert,Berlin,1848-03-08,,,,Liepmannssohn 190 (1916),?,,118587684,http://www.geonames.org/2950159,11723589X,
Otto Nicolai,Ida Brauns,Berlin,1848-05-07,,,,,US-NYpm MFC N636.B825,,118587684,http://www.geonames.org/2950159,116429240,
Otto Nicolai,Giacomo Meyerbeer,Berlin,1848-06-27,,,,"Stargardt 617 (1979), S. 237",?,,118587684,http://www.geonames.org/2950159,118581945,Bzgl. Oper Arria von Stähle.
Otto Nicolai,Louis Spohr,Berlin,1848-06-27,,,,"Stargardt [Donebauer] (1908), S. 97, Henrici/Liepmannssohn [Heyer I] (1926), S. 100",?,,118587684,http://www.geonames.org/2950159,118616366,"Sammlung Fritz Donebauer, Sammlung Heyer; Datum nach Liepmannssohn Okt. 1894."
Otto Nicolai,[Carl Nicolai],Berlin,1848-07-01,"Altmann, Wilhelm, Hrsg., 1924. Otto Nicolai: Briefe an seinen Vater. Regensburg, G. Bosse.",380,79,,"D-B Mus.ep. Nicolai, O. 132",DE-611-HS-2641196,118587684,http://www.geonames.org/2950159,138233438,
Otto Nicolai,Carl Nicolai,Wangerooge,1848-07-28,"Altmann, Wilhelm, Hrsg., 1924. Otto Nicolai: Briefe an seinen Vater. Regensburg, G. Bosse.",381–382,80,,"D-B Mus.ep. Nicolai, O. 133",DE-611-HS-2641197,118587684,http://www.geonames.org/2814266,138233438,
Otto Nicolai,[Carl Nicolai],Berlin,1848-09-26,"Altmann, Wilhelm, Hrsg., 1924. Otto Nicolai: Briefe an seinen Vater. Regensburg, G. Bosse.",382–383,81,,"D-B Mus.ep. Nicolai, O. 134",DE-611-HS-2641198,118587684,http://www.geonames.org/2950159,138233438,
Otto Nicolai,[Intendantur oder Theaterleitung],[Berlin],1848-09-27,,,,,"D-B Mus.ep. Nicolai, O. Varia 2",DE-611-HS-2641207,118587684,http://www.geonames.org/2950159,,Bewertung „Über die Oper = Der Rothmantel = von Würst“ (Wüerst) und Empfehlung zur Aufführung
Otto Nicolai,Salomon Hermann von Mosenthal,Berlin,1848-10-22,,,,"Stargardt 666 (1997), S. 380, Faksimile: ebd. S. 381",D-B N.Mus.ep. 3659,,118587684,http://www.geonames.org/2950159,101363184,"H. S. Mosenthal, pr. adr. Goldschmidt, am Karolinenthor Nr. 803, Wien"
Otto Nicolai,Carl Nicolai,Berlin,1848-11-06,"Altmann, Wilhelm, Hrsg., 1924. Otto Nicolai: Briefe an seinen Vater. Regensburg, G. Bosse.",383–384,82,,"D-B Mus.ep. Nicolai, O. 135",DE-611-HS-2641199,118587684,http://www.geonames.org/2950159,138233438,
Otto Nicolai,Franziska Gellein,Berlin,1848-11-26,,,,,"D-B Mus.ep. Nicolai, O. Varia 1",DE-611-HS-2641205,118587684,http://www.geonames.org/2950159,,Zeugnis über die Begabung zur Opernsängerin
Otto Nicolai,[Carl Nicolai],Berlin,1848-11-28,"Altmann, Wilhelm, Hrsg., 1924. Otto Nicolai: Briefe an seinen Vater. Regensburg, G. Bosse.",384–385,83,,"D-B Mus.ep. Nicolai, O. 136",DE-611-HS-2641200,118587684,http://www.geonames.org/2950159,138233438,
Otto Nicolai,[Wilhelm Taubert],[Berlin],1848-12-27,,,,"Fraenkel 34 (1923), S. 11; Stargardt 666 (1997), S. 382",D-B N.Mus.ep. 3660,,118587684,http://www.geonames.org/2950159,11723589X,"„Geehrter Herr College!“ Betrifft Tipps zur Inszenierung der „Weiber“, schickt Partitur und Textbuch mit. Empfänger verm. Taubert"
Otto Nicolai,Carl Friedrich Rungenhagen,Berlin,1849-01-03,,,,,D-Bsa N.Mus. SA 485,,118587684,http://www.geonames.org/2950159,116707801,
Otto Nicolai,Johann Elßler,[Berlin],1849-02-02,,,,"Kotte 43 (2011), S. 215",?,,118587684,http://www.geonames.org/2950159,1036903699,
Otto Nicolai,Verlag Bartholf Senff,[Berlin],1849-02-07,Signale für die musikalische Welt 7 (1849),71,,,?,,118587684,http://www.geonames.org/2950159,1073087417,
Otto Nicolai,[Eduard Hallberger],[Berlin],1849-02-19,,,,"Stargardt 680 (2004), S. 356",D-B 55 Ep 515,,118587684,http://www.geonames.org/2950159,118545124,Betr: Übernahme von Werken in Kommission
Otto Nicolai,Karl Theodor von Küstner,Berlin,1849-02-21,"Kapp, Julius, 1937. Geschichte der Staatsoper Berlin. Berlin, M. Hesse.",65,,,?,,118587684,http://www.geonames.org/2950159,116611316,
Otto Nicolai,Leopold Ganz,Berlin,1849-03-01,,,,Bassenge Mai 1976,?,,118587684,http://www.geonames.org/2950159,116419210,
Otto Nicolai,Franz Liszt,Berlin,1849-03-03,,,,,"D-WRgs GSA 59/24,12",,118587684,http://www.geonames.org/2950159,118573527,"Faksimile: Musikalische Aufsätze, 7–10"
Otto Nicolai,Heinrich Dorn,[Berlin],1849-03-09?,,,,,"D-B Mus.ep. Nicolai, O. 1",DE-611-HS-2637215,118587684,http://www.geonames.org/2950159,116182776,"o.O. u Datum, urspr. mit Eintrittskarte zu den „Lustigen Weibern“, vermutlich zur UA; erworben 1942"
Otto Nicolai,Friedrich Wilhelm IV.,Berlin,1849-03-29,"Rettinghaus, Klaus, 2014. Studien zum geistlichen Werk Otto Nicolais. Berlin. ISBN 978-3-7375-1116-2",,23,,"D-Bga I. HA Rep. 89, Nr. 21128 fol. 170",,118587684,http://www.geonames.org/2950159,118535994,
Otto Nicolai,Theodor Kullak,[Berlin],1849-04-15,,,,"Henrici 86 (1924), S. 120","D-B Mus.ep. Nicolai, O. 137",DE-611-HS-2641202,118587684,http://www.geonames.org/2950159,116607157,„Eine Bitte noch! Bieten Sie mir auch nicht einen Bissen Abendbrot mehr an! Ich soll und darf durchaus Abends nichts geniessen.“
Otto Nicolai,Friedrich Hofmeister,Berlin,1849-04-25,,,,,"D-B Mus.ep. Nicolai, O. 138",DE-611-HS-2641203,118587684,http://www.geonames.org/2950159,116952431,"Bittet um Rücksendung seiner Symphonie, Berichtet von seinen Weibern"
Otto Nicolai,[Henriette Sontag],Berlin,1849-05-06,,,,"Malota (1918), S. 19; Stargardt Mai (1978); Stargardt 679 (2004), S. 372",?,,118587684,http://www.geonames.org/2950159,118797999,
Otto Nicolai,,,?,,,,,A-Wst H.I.N.-155798,,118587684,,,Notiz
Otto Nicolai,,,?,,,,,S-Smf 2836,,118587684,,,Fragment
Otto Nicolai,,,?,,,,"Henrici 81 (1923), S. 43.",?,,118587684,,,Billett
Otto Nicolai,,Wien,?,,,,"Liepmannssohn 64 (1934), S.160",?,,118587684,http://www.geonames.org/2761369,,Einladung an einen Freund
Otto Nicolai,[Carl Friedrich Rungenhagen],[Rom],?,,,,,D-Bsa N.Mus. SA 479,,118587684,http://www.geonames.org/3169070,116707801,"Anfang fehlt [15. September 1835?], ein Absatz beginnt mit Den 16. Septbr. "
Otto Nicolai,[Maria Freiin Vesque von Püttlingen],[Wien],?,,,,,A-Wn Autogr. 48/38-4,,118587684,http://www.geonames.org/2761369,,Gesangstunden
Otto Nicolai,August Heinrich Hoffmann von Fallersleben,,?,,,,,D-DM Atg Nr.: 5409,,118587684,,118552589,
Otto Nicolai,Carl Friedrich Rungenhagen,[Berlin],?,,,,,D-Bsa N.Mus. SA 335,,118587684,http://www.geonames.org/2950159,116707801,Zwischen 1830 und 1833
Otto Nicolai,Carl Friedrich Rungenhagen,[Berlin],?,,,,,D-Bsa N.Mus. SA 486,,118587684,http://www.geonames.org/2950159,116707801,"[1832], nennt Schleiermacher "
Otto Nicolai,Franz Hauser,Wien,?,,,,,"D-DS Br./Nicolai,O.1",,118587684,http://www.geonames.org/2761369,11928930X,
Otto Nicolai,Ida Brauns,,?,,,,"Henrici 79 (1922), S. 24.",D-LEsm A/4220/2005,,118587684,,116429240,"Verf. bedauert, dass wegen einer Repertoireänderung das geplante Konzert der Adr. nicht stattfinden kann; unterbreitet Vorschläge für einen neuen Termin"
Otto Nicolai,Johann Vesque von Püttlingen,,?,,,,,A-Wst H.I.N.-31285,,118587684,,117395684,
Otto Nicolai,Johann Vesque von Püttlingen,,?,,,,,A-Wst H.I.N.-31283,,118587684,,117395684,
Otto Nicolai,Johann Vesque von Püttlingen,,?,,,,,A-Wst H.I.N.-31282,,118587684,,117395684,
Otto Nicolai,Johann Vesque von Püttlingen,,?,,,,,A-Wst H.I.N.-31281,,118587684,,117395684,
Otto Nicolai,Joseph Fischhof,,[1838..1849],,,,,A-Wst H.I.N.-4281,,118587684,,116584645,Billett
Otto Nicolai,Joseph Fischhof,,[1838..1849],,,,,A-Wst H.I.N.-4282,,118587684,,116584645,Billett
Otto Nicolai,Joseph Fischhof,,[1838..1849],,,,,A-Wst H.I.N.-4278,,118587684,,116584645,Billett; „Morgen Montag Nachmittag 4 Uhr” 
Otto Nicolai,Joseph Fischhof,,[1838..1849],,,,,A-Wst H.I.N.-4280,,118587684,,116584645,Billett
Otto Nicolai,Joseph Fischhof,,[1838..1849],,,,,A-Wst H.I.N.-4284,,118587684,,116584645,Billett
Otto Nicolai,Joseph Fischhof,,[1838..1849],,,,,A-Wst H.I.N.-4279,,118587684,,116584645,Billett
Otto Nicolai,Joseph Fischhof,,[1838..1849],,,,,A-Wst H.I.N.-4283,,118587684,,116584645,Billett
Otto Nicolai,Joseph Fischhof,,[1838..1849],,,,,A-Wst H.I.N.-4277,,118587684,,116584645,Billett
Otto Nicolai,Joseph Fischhof,,[1838..1849],,,,,A-Wst H.I.N.-4265,,118587684,,116584645,Billett
Otto Nicolai,Joseph Fischhof,,[1838..1849],,,,,A-Wst H.I.N.-4285,,118587684,,116584645,Billett
Otto Nicolai,Joseph Fischhof,[Wien],[1838..1849],,,,"Meyer 33 (1933), S. 63; Stargardt 699 (2013), S. 348",?,,118587684,http://www.geonames.org/2761369,116584645,"„Ich ersuche Dich, Deinem gütigen Versprechen gemäß, um die Partitur der Ouverture zur Melusine …“ Vermutlich identisch mit dem Billet aus Henrici 81"
Otto Nicolai,Maria Freiin Vesque von Püttlingen,[Wien],?,,,,,A-Wn Autogr. 48/38-5,,118587684,http://www.geonames.org/2761369,,Gesangstunden
Otto Nicolai,Siegfried Kapper,,--02-03,,,,"Henrici/Liepmannssohn [Heyer III] (1927), S. 49",S-Smf 2834,,118587684,,116053755,"Sammlung Heyer, Nydahl"
Otto Nicolai,Soupiritum,,1843~,,,,,A-Wst H.I.N.-7946,,118587684,,,
Otto Nicolai,von Kleckl,,?,,,,,S-Smf 2835,,118587684,,,"Als Nicolai Königsberg besuchte, waren zwei Herren Kleckl an der Uni eingeschrieben. (→ Erinnerungsbuch)"
Otto Nicolai,Aloys Fuchs,[Wien],[1842..],,,,,"D-B Mus.ep. Nicolai, O. 6",DE-611-HS-2637218,118587684,http://www.geonames.org/2761369,118693948,Alois von Fuchs; erworben 1985
Otto Nicolai,Ferdinand Mendheim,Berlin,[..1834?],,,,,"D-B Mus.ep. Nicolai, O. 5",DE-611-HS-2637220,118587684,http://www.geonames.org/2950159,13702035X,"Undatierter Brief, Bittet um weitere Ensemble Stücke; erworben 1985"
Otto Nicolai,Aloys Fuchs,[Wien],? Donnerstag,,,,,"D-B Mus.ep. Nicolai, O. 4",DE-611-HS-2637217,118587684,http://www.geonames.org/2761369,118693948,Alois von Fuchs; erworben 1985
Otto Nicolai,Redaktion der AWMZ,[Wien],1842-02?,,,,"Stargardt 612 (1977), S. 227",?,,118587684,http://www.geonames.org/2761369,,"AWMZ 2 (1842), S. 140; „Preis-Aufgabe“ Februar 1842; Veröffentlicht 1. März 1842"
Otto Nicolai,Ferdinand Mendheim,Berlin,? Freitag,,,,,"D-B Mus.ep. Nicolai, O. 2",DE-611-HS-2637221,118587684,http://www.geonames.org/2950159,13702035X,"Undatierter Brief, Bittet um Bachs JohannesPassion und ein (Mozartsches Clavierconcert); erworben 1985"
Otto Nicolai,Aloys Fuchs,[Wien],? Montag,,,,,"D-B Mus.ep. Nicolai, O. 3",DE-611-HS-2637216,118587684,http://www.geonames.org/2761369,118693948,Alois von Fuchs; erworben 1985
Otto Nicolai,Gustav Bethge,Berlin,1833-11,,,,"Henrici 152 (1929), S. 78; Stargardt 510 (1953), S. 34",?,,118587684,http://www.geonames.org/2950159,1042645949,Bittet um Übersendung seines op. 13.
Otto Nicolai,Gustav Bethge,Leitzkau,1831?,,,,,US-NYpm MFC N636.B562,,118587684,http://www.geonames.org/2878986,1042645949,
Otto Nicolai,Carl Friedrich Rungenhagen,[Berlin],1832?,,,,,D-Bsa N.Mus. SA 326,,118587684,http://www.geonames.org/2950159,116707801,[1832] bittet am Mittwoch um Verschiebung des Te Deum wegen Krankheit
Otto Nicolai,[Graf Wilhelm von Redern],[Wien],1846?,"Rettinghaus, Klaus, 2014. Studien zum geistlichen Werk Otto Nicolais. Berlin. ISBN 978-3-7375-1116-2",,19,,?,,118587684,http://www.geonames.org/2761369,116374594,"Die Musik 30 (1909), S. 265."
Otto Nicolai,Johann Vesque von Püttlingen,,--06-03,,,,,A-Wst H.I.N.-31284,,118587684,,117395684,"Ich bedaure unendlich, daß meine Gesundheit […]"
Otto Nicolai,,[Berlin],1832?,,,,"Hans Schneider Tutzing 381 (2001), S. 54.",?,,118587684,http://www.geonames.org/2950159,,„ Wie sehr mir …“
Otto Nicolai,Theodor Kullak,,?,,,,"Henrici 86 (1924), S. 120",?,,118587684,http://www.geonames.org/2950159,116607157,
Georg Hellmesberger,Otto Nicolai,[Wien],1844-03-16,"Jerger, Wilhelm, Hrsg., 1942. Briefe an die Wiener Philharmoniker. Wien, Wiener Verlagsgesellschaft.",20ff,,,,,104311665,http://www.geonames.org/2761369,118587684,
Joseph Staudigl,Otto Nicolai,Wien,1842-11-27,"Jerger, Wilhelm, Hrsg., 1942. Briefe an die Wiener Philharmoniker. Wien, Wiener Verlagsgesellschaft.",26f,,,,,117223298,http://www.geonames.org/2950159,118587684,"Entschuldigt sich, beim Konzert wegen Krankheit nicht singen zu können"
Otto Nicolai,[Franz von Marinelli],,?,,,,,"D-B Mus.ep. Nicolai, O. Varia 4",,118587684,,116781203,"(leerer) Briefumschlag an Marinelli, deutsch"
Johann Baptist Streicher,Otto Nicolai,,1843,,,,,A-Wn Autogr. 126/72-3,,117317179,,118587684,Durchschlag
